date,location,actual_demand
2024-01-01,Node_1,25
2024-01-02,Node_1,24
2024-01-03,Node_1,17
2024-01-04,Node_1,17
2024-01-05,Node_1,34
2024-01-06,Node_1,33
2024-01-07,Node_1,32
2024-01-08,Node_1,21
2024-01-09,Node_1,20
2024-01-10,Node_1,20
2024-01-11,Node_1,16
2024-01-12,Node_1,35
2024-01-13,Node_1,36
2024-01-14,Node_1,34
2024-01-15,Node_1,22
2024-01-16,Node_1,20
2024-01-17,Node_1,23
2024-01-18,Node_1,14
2024-01-19,Node_1,35
2024-01-20,Node_1,41
2024-01-21,Node_1,39
2024-01-22,Node_1,22
2024-01-23,Node_1,19
2024-01-24,Node_1,24
2024-01-25,Node_1,19
2024-01-26,Node_1,42
2024-01-27,Node_1,32
2024-01-28,Node_1,39
2024-01-29,Node_1,20
2024-01-30,Node_1,23
2024-01-31,Node_1,23
2024-02-01,Node_1,20
2024-02-02,Node_1,32
2024-02-03,Node_1,40
2024-02-04,Node_1,40
2024-02-05,Node_1,29
2024-02-06,Node_1,23
2024-02-07,Node_1,27
2024-02-08,Node_1,21
2024-02-09,Node_1,38
2024-02-10,Node_1,38
2024-02-11,Node_1,32
2024-02-12,Node_1,19
2024-02-13,Node_1,25
2024-02-14,Node_1,19
2024-02-15,Node_1,18
2024-02-16,Node_1,37
2024-02-17,Node_1,35
2024-02-18,Node_1,33
2024-02-19,Node_1,18
2024-02-20,Node_1,23
2024-02-21,Node_1,21
2024-02-22,Node_1,18
2024-02-23,Node_1,39
2024-02-24,Node_1,30
2024-02-25,Node_1,36
2024-02-26,Node_1,21
2024-02-27,Node_1,13
2024-02-28,Node_1,16
2024-02-29,Node_1,21
2024-03-01,Node_1,39
2024-03-02,Node_1,37
2024-03-03,Node_1,37
2024-03-04,Node_1,23
2024-03-05,Node_1,20
2024-03-06,Node_1,21
2024-03-07,Node_1,19
2024-03-08,Node_1,35
2024-03-09,Node_1,39
2024-03-10,Node_1,35
2024-03-11,Node_1,24
2024-03-12,Node_1,27
2024-03-13,Node_1,24
2024-03-14,Node_1,26
2024-03-15,Node_1,38
2024-03-16,Node_1,35
2024-03-17,Node_1,38
2024-03-18,Node_1,19
2024-03-19,Node_1,20
2024-03-20,Node_1,23
2024-03-21,Node_1,26
2024-03-22,Node_1,31
2024-03-23,Node_1,31
2024-03-24,Node_1,40
2024-03-25,Node_1,20
2024-03-26,Node_1,20
2024-03-27,Node_1,21
2024-03-28,Node_1,21
2024-03-29,Node_1,32
2024-03-30,Node_1,42
2024-03-31,Node_1,31
2024-04-01,Node_1,22
2024-04-02,Node_1,16
2024-04-03,Node_1,21
2024-04-04,Node_1,20
2024-04-05,Node_1,35
2024-04-06,Node_1,37
2024-04-07,Node_1,38
2024-04-08,Node_1,19
2024-04-09,Node_1,18
2024-04-10,Node_1,19
2024-04-11,Node_1,21
2024-04-12,Node_1,35
2024-04-13,Node_1,33
2024-04-14,Node_1,31
2024-04-15,Node_1,20
2024-04-16,Node_1,25
2024-04-17,Node_1,16
2024-04-18,Node_1,17
2024-04-19,Node_1,33
2024-04-20,Node_1,34
2024-04-21,Node_1,39
2024-04-22,Node_1,20
2024-04-23,Node_1,23
2024-04-24,Node_1,21
2024-04-25,Node_1,23
2024-04-26,Node_1,40
2024-04-27,Node_1,38
2024-04-28,Node_1,37
2024-04-29,Node_1,23
2024-04-30,Node_1,19
2024-05-01,Node_1,25
2024-05-02,Node_1,23
2024-05-03,Node_1,36
2024-05-04,Node_1,32
2024-05-05,Node_1,38
2024-05-06,Node_1,24
2024-05-07,Node_1,19
2024-05-08,Node_1,18
2024-05-09,Node_1,17
2024-05-10,Node_1,37
2024-05-11,Node_1,38
2024-05-12,Node_1,39
2024-05-13,Node_1,20
2024-05-14,Node_1,24
2024-05-15,Node_1,22
2024-05-16,Node_1,23
2024-05-17,Node_1,37
2024-05-18,Node_1,36
2024-05-19,Node_1,37
2024-05-20,Node_1,21
2024-05-21,Node_1,21
2024-05-22,Node_1,22
2024-05-23,Node_1,19
2024-05-24,Node_1,31
2024-05-25,Node_1,35
2024-05-26,Node_1,34
2024-05-27,Node_1,30
2024-05-28,Node_1,18
2024-05-29,Node_1,19
2024-05-30,Node_1,20
2024-05-31,Node_1,35
2024-06-01,Node_1,38
2024-06-02,Node_1,34
2024-06-03,Node_1,19
2024-06-04,Node_1,16
2024-06-05,Node_1,27
2024-06-06,Node_1,17
2024-06-07,Node_1,27
2024-06-08,Node_1,35
2024-06-09,Node_1,35
2024-06-10,Node_1,23
2024-06-11,Node_1,20
2024-06-12,Node_1,23
2024-06-13,Node_1,25
2024-06-14,Node_1,34
2024-06-15,Node_1,36
2024-06-16,Node_1,35
2024-06-17,Node_1,22
2024-06-18,Node_1,21
2024-06-19,Node_1,16
2024-06-20,Node_1,23
2024-06-21,Node_1,38
2024-06-22,Node_1,32
2024-06-23,Node_1,33
2024-06-24,Node_1,23
2024-06-25,Node_1,21
2024-06-26,Node_1,22
2024-06-27,Node_1,20
2024-06-28,Node_1,36
2024-06-29,Node_1,29
2024-06-30,Node_1,31
2024-07-01,Node_1,18
2024-07-02,Node_1,20
2024-07-03,Node_1,19
2024-07-04,Node_1,20
2024-07-05,Node_1,39
2024-07-06,Node_1,38
2024-07-07,Node_1,37
2024-07-08,Node_1,20
2024-07-09,Node_1,18
2024-07-10,Node_1,14
2024-07-11,Node_1,23
2024-07-12,Node_1,39
2024-07-13,Node_1,36
2024-07-14,Node_1,34
2024-07-15,Node_1,21
2024-07-16,Node_1,22
2024-07-17,Node_1,18
2024-07-18,Node_1,20
2024-07-19,Node_1,40
2024-07-20,Node_1,39
2024-07-21,Node_1,41
2024-07-22,Node_1,17
2024-07-23,Node_1,22
2024-07-24,Node_1,18
2024-07-25,Node_1,24
2024-07-26,Node_1,36
2024-07-27,Node_1,35
2024-07-28,Node_1,37
2024-07-29,Node_1,19
2024-07-30,Node_1,21
2024-07-31,Node_1,23
2024-08-01,Node_1,24
2024-08-02,Node_1,34
2024-08-03,Node_1,36
2024-08-04,Node_1,33
2024-08-05,Node_1,25
2024-08-06,Node_1,19
2024-08-07,Node_1,19
2024-08-08,Node_1,18
2024-08-09,Node_1,31
2024-08-10,Node_1,38
2024-08-11,Node_1,36
2024-08-12,Node_1,18
2024-08-13,Node_1,20
2024-08-14,Node_1,21
2024-08-15,Node_1,18
2024-08-16,Node_1,33
2024-08-17,Node_1,30
2024-08-18,Node_1,37
2024-08-19,Node_1,22
2024-08-20,Node_1,20
2024-08-21,Node_1,17
2024-08-22,Node_1,19
2024-08-23,Node_1,36
2024-08-24,Node_1,30
2024-08-25,Node_1,33
2024-08-26,Node_1,23
2024-08-27,Node_1,23
2024-08-28,Node_1,14
2024-08-29,Node_1,18
2024-08-30,Node_1,33
2024-08-31,Node_1,38
2024-09-01,Node_1,38
2024-09-02,Node_1,18
2024-09-03,Node_1,20
2024-09-04,Node_1,21
2024-09-05,Node_1,21
2024-09-06,Node_1,34
2024-09-07,Node_1,33
2024-09-08,Node_1,39
2024-09-09,Node_1,18
2024-09-10,Node_1,18
2024-09-11,Node_1,22
2024-09-12,Node_1,16
2024-09-13,Node_1,39
2024-09-14,Node_1,34
2024-09-15,Node_1,36
2024-09-16,Node_1,19
2024-09-17,Node_1,24
2024-09-18,Node_1,22
2024-09-19,Node_1,23
2024-09-20,Node_1,35
2024-09-21,Node_1,36
2024-09-22,Node_1,38
2024-09-23,Node_1,24
2024-09-24,Node_1,20
2024-09-25,Node_1,21
2024-09-26,Node_1,15
2024-09-27,Node_1,41
2024-09-28,Node_1,36
2024-09-29,Node_1,38
2024-09-30,Node_1,20
2024-10-01,Node_1,25
2024-10-02,Node_1,18
2024-10-03,Node_1,17
2024-10-04,Node_1,34
2024-10-05,Node_1,37
2024-10-06,Node_1,30
2024-10-07,Node_1,22
2024-10-08,Node_1,22
2024-10-09,Node_1,21
2024-10-10,Node_1,23
2024-10-11,Node_1,39
2024-10-12,Node_1,39
2024-10-13,Node_1,37
2024-10-14,Node_1,24
2024-10-15,Node_1,24
2024-10-16,Node_1,23
2024-10-17,Node_1,21
2024-10-18,Node_1,38
2024-10-19,Node_1,40
2024-10-20,Node_1,31
2024-10-21,Node_1,20
2024-10-22,Node_1,22
2024-10-23,Node_1,18
2024-10-24,Node_1,22
2024-10-25,Node_1,34
2024-10-26,Node_1,33
2024-10-27,Node_1,37
2024-10-28,Node_1,25
2024-10-29,Node_1,18
2024-10-30,Node_1,21
2024-10-31,Node_1,18
2024-11-01,Node_1,37
2024-11-02,Node_1,35
2024-11-03,Node_1,36
2024-11-04,Node_1,25
2024-11-05,Node_1,16
2024-11-06,Node_1,19
2024-11-07,Node_1,25
2024-11-08,Node_1,34
2024-11-09,Node_1,39
2024-11-10,Node_1,40
2024-11-11,Node_1,18
2024-11-12,Node_1,19
2024-11-13,Node_1,24
2024-11-14,Node_1,19
2024-11-15,Node_1,33
2024-11-16,Node_1,34
2024-11-17,Node_1,38
2024-11-18,Node_1,19
2024-11-19,Node_1,25
2024-11-20,Node_1,22
2024-11-21,Node_1,15
2024-11-22,Node_1,40
2024-11-23,Node_1,36
2024-11-24,Node_1,40
2024-11-25,Node_1,18
2024-11-26,Node_1,20
2024-11-27,Node_1,22
2024-11-28,Node_1,26
2024-11-29,Node_1,32
2024-11-30,Node_1,39
2024-12-01,Node_1,36
2024-12-02,Node_1,16
2024-12-03,Node_1,18
2024-12-04,Node_1,24
2024-12-05,Node_1,20
2024-12-06,Node_1,36
2024-12-07,Node_1,35
2024-12-08,Node_1,31
2024-12-09,Node_1,19
2024-12-10,Node_1,20
2024-12-11,Node_1,25
2024-12-12,Node_1,17
2024-12-13,Node_1,40
2024-12-14,Node_1,36
2024-12-15,Node_1,34
2024-12-16,Node_1,20
2024-12-17,Node_1,24
2024-12-18,Node_1,21
2024-12-19,Node_1,18
2024-12-20,Node_1,42
2024-12-21,Node_1,39
2024-12-22,Node_1,32
2024-12-23,Node_1,20
2024-12-24,Node_1,29
2024-12-25,Node_1,19
2024-12-26,Node_1,20
2024-12-27,Node_1,37
2024-12-28,Node_1,39
2024-12-29,Node_1,32
2024-12-30,Node_1,21
2024-01-01,Node_2,35
2024-01-02,Node_2,35
2024-01-03,Node_2,37
2024-01-04,Node_2,40
2024-01-05,Node_2,55
2024-01-06,Node_2,57
2024-01-07,Node_2,52
2024-01-08,Node_2,38
2024-01-09,Node_2,40
2024-01-10,Node_2,40
2024-01-11,Node_2,41
2024-01-12,Node_2,56
2024-01-13,Node_2,60
2024-01-14,Node_2,55
2024-01-15,Node_2,36
2024-01-16,Node_2,39
2024-01-17,Node_2,36
2024-01-18,Node_2,33
2024-01-19,Node_2,51
2024-01-20,Node_2,53
2024-01-21,Node_2,56
2024-01-22,Node_2,40
2024-01-23,Node_2,35
2024-01-24,Node_2,38
2024-01-25,Node_2,39
2024-01-26,Node_2,53
2024-01-27,Node_2,50
2024-01-28,Node_2,54
2024-01-29,Node_2,38
2024-01-30,Node_2,37
2024-01-31,Node_2,44
2024-02-01,Node_2,44
2024-02-02,Node_2,52
2024-02-03,Node_2,53
2024-02-04,Node_2,58
2024-02-05,Node_2,41
2024-02-06,Node_2,40
2024-02-07,Node_2,41
2024-02-08,Node_2,43
2024-02-09,Node_2,56
2024-02-10,Node_2,60
2024-02-11,Node_2,56
2024-02-12,Node_2,39
2024-02-13,Node_2,38
2024-02-14,Node_2,43
2024-02-15,Node_2,38
2024-02-16,Node_2,52
2024-02-17,Node_2,52
2024-02-18,Node_2,51
2024-02-19,Node_2,37
2024-02-20,Node_2,39
2024-02-21,Node_2,33
2024-02-22,Node_2,37
2024-02-23,Node_2,53
2024-02-24,Node_2,55
2024-02-25,Node_2,55
2024-02-26,Node_2,38
2024-02-27,Node_2,42
2024-02-28,Node_2,40
2024-02-29,Node_2,35
2024-03-01,Node_2,52
2024-03-02,Node_2,48
2024-03-03,Node_2,53
2024-03-04,Node_2,38
2024-03-05,Node_2,38
2024-03-06,Node_2,33
2024-03-07,Node_2,34
2024-03-08,Node_2,60
2024-03-09,Node_2,51
2024-03-10,Node_2,54
2024-03-11,Node_2,43
2024-03-12,Node_2,42
2024-03-13,Node_2,34
2024-03-14,Node_2,42
2024-03-15,Node_2,57
2024-03-16,Node_2,46
2024-03-17,Node_2,55
2024-03-18,Node_2,43
2024-03-19,Node_2,39
2024-03-20,Node_2,34
2024-03-21,Node_2,35
2024-03-22,Node_2,52
2024-03-23,Node_2,59
2024-03-24,Node_2,50
2024-03-25,Node_2,40
2024-03-26,Node_2,39
2024-03-27,Node_2,34
2024-03-28,Node_2,37
2024-03-29,Node_2,57
2024-03-30,Node_2,53
2024-03-31,Node_2,54
2024-04-01,Node_2,38
2024-04-02,Node_2,44
2024-04-03,Node_2,44
2024-04-04,Node_2,38
2024-04-05,Node_2,54
2024-04-06,Node_2,52
2024-04-07,Node_2,49
2024-04-08,Node_2,41
2024-04-09,Node_2,35
2024-04-10,Node_2,37
2024-04-11,Node_2,37
2024-04-12,Node_2,54
2024-04-13,Node_2,51
2024-04-14,Node_2,54
2024-04-15,Node_2,38
2024-04-16,Node_2,34
2024-04-17,Node_2,40
2024-04-18,Node_2,42
2024-04-19,Node_2,53
2024-04-20,Node_2,50
2024-04-21,Node_2,52
2024-04-22,Node_2,36
2024-04-23,Node_2,36
2024-04-24,Node_2,38
2024-04-25,Node_2,39
2024-04-26,Node_2,54
2024-04-27,Node_2,47
2024-04-28,Node_2,51
2024-04-29,Node_2,39
2024-04-30,Node_2,37
2024-05-01,Node_2,41
2024-05-02,Node_2,36
2024-05-03,Node_2,54
2024-05-04,Node_2,55
2024-05-05,Node_2,53
2024-05-06,Node_2,37
2024-05-07,Node_2,36
2024-05-08,Node_2,39
2024-05-09,Node_2,34
2024-05-10,Node_2,47
2024-05-11,Node_2,52
2024-05-12,Node_2,50
2024-05-13,Node_2,33
2024-05-14,Node_2,38
2024-05-15,Node_2,36
2024-05-16,Node_2,40
2024-05-17,Node_2,53
2024-05-18,Node_2,58
2024-05-19,Node_2,55
2024-05-20,Node_2,40
2024-05-21,Node_2,38
2024-05-22,Node_2,41
2024-05-23,Node_2,42
2024-05-24,Node_2,56
2024-05-25,Node_2,56
2024-05-26,Node_2,51
2024-05-27,Node_2,44
2024-05-28,Node_2,43
2024-05-29,Node_2,36
2024-05-30,Node_2,44
2024-05-31,Node_2,54
2024-06-01,Node_2,52
2024-06-02,Node_2,52
2024-06-03,Node_2,41
2024-06-04,Node_2,38
2024-06-05,Node_2,36
2024-06-06,Node_2,38
2024-06-07,Node_2,57
2024-06-08,Node_2,51
2024-06-09,Node_2,56
2024-06-10,Node_2,35
2024-06-11,Node_2,39
2024-06-12,Node_2,38
2024-06-13,Node_2,34
2024-06-14,Node_2,50
2024-06-15,Node_2,54
2024-06-16,Node_2,51
2024-06-17,Node_2,37
2024-06-18,Node_2,37
2024-06-19,Node_2,42
2024-06-20,Node_2,40
2024-06-21,Node_2,57
2024-06-22,Node_2,53
2024-06-23,Node_2,56
2024-06-24,Node_2,43
2024-06-25,Node_2,35
2024-06-26,Node_2,38
2024-06-27,Node_2,47
2024-06-28,Node_2,57
2024-06-29,Node_2,53
2024-06-30,Node_2,58
2024-07-01,Node_2,37
2024-07-02,Node_2,39
2024-07-03,Node_2,39
2024-07-04,Node_2,38
2024-07-05,Node_2,49
2024-07-06,Node_2,58
2024-07-07,Node_2,48
2024-07-08,Node_2,37
2024-07-09,Node_2,40
2024-07-10,Node_2,41
2024-07-11,Node_2,38
2024-07-12,Node_2,59
2024-07-13,Node_2,57
2024-07-14,Node_2,54
2024-07-15,Node_2,39
2024-07-16,Node_2,42
2024-07-17,Node_2,37
2024-07-18,Node_2,43
2024-07-19,Node_2,48
2024-07-20,Node_2,53
2024-07-21,Node_2,51
2024-07-22,Node_2,39
2024-07-23,Node_2,36
2024-07-24,Node_2,41
2024-07-25,Node_2,41
2024-07-26,Node_2,53
2024-07-27,Node_2,48
2024-07-28,Node_2,56
2024-07-29,Node_2,42
2024-07-30,Node_2,40
2024-07-31,Node_2,40
2024-08-01,Node_2,40
2024-08-02,Node_2,58
2024-08-03,Node_2,51
2024-08-04,Node_2,58
2024-08-05,Node_2,39
2024-08-06,Node_2,41
2024-08-07,Node_2,37
2024-08-08,Node_2,35
2024-08-09,Node_2,54
2024-08-10,Node_2,56
2024-08-11,Node_2,58
2024-08-12,Node_2,38
2024-08-13,Node_2,37
2024-08-14,Node_2,38
2024-08-15,Node_2,41
2024-08-16,Node_2,55
2024-08-17,Node_2,52
2024-08-18,Node_2,47
2024-08-19,Node_2,40
2024-08-20,Node_2,37
2024-08-21,Node_2,38
2024-08-22,Node_2,43
2024-08-23,Node_2,54
2024-08-24,Node_2,59
2024-08-25,Node_2,48
2024-08-26,Node_2,42
2024-08-27,Node_2,36
2024-08-28,Node_2,41
2024-08-29,Node_2,40
2024-08-30,Node_2,49
2024-08-31,Node_2,54
2024-09-01,Node_2,50
2024-09-02,Node_2,41
2024-09-03,Node_2,42
2024-09-04,Node_2,42
2024-09-05,Node_2,40
2024-09-06,Node_2,49
2024-09-07,Node_2,54
2024-09-08,Node_2,50
2024-09-09,Node_2,42
2024-09-10,Node_2,39
2024-09-11,Node_2,40
2024-09-12,Node_2,36
2024-09-13,Node_2,55
2024-09-14,Node_2,51
2024-09-15,Node_2,52
2024-09-16,Node_2,40
2024-09-17,Node_2,38
2024-09-18,Node_2,45
2024-09-19,Node_2,37
2024-09-20,Node_2,56
2024-09-21,Node_2,51
2024-09-22,Node_2,56
2024-09-23,Node_2,39
2024-09-24,Node_2,39
2024-09-25,Node_2,34
2024-09-26,Node_2,37
2024-09-27,Node_2,51
2024-09-28,Node_2,55
2024-09-29,Node_2,55
2024-09-30,Node_2,38
2024-10-01,Node_2,33
2024-10-02,Node_2,36
2024-10-03,Node_2,40
2024-10-04,Node_2,51
2024-10-05,Node_2,51
2024-10-06,Node_2,51
2024-10-07,Node_2,42
2024-10-08,Node_2,41
2024-10-09,Node_2,41
2024-10-10,Node_2,35
2024-10-11,Node_2,59
2024-10-12,Node_2,56
2024-10-13,Node_2,50
2024-10-14,Node_2,38
2024-10-15,Node_2,37
2024-10-16,Node_2,38
2024-10-17,Node_2,34
2024-10-18,Node_2,56
2024-10-19,Node_2,60
2024-10-20,Node_2,49
2024-10-21,Node_2,33
2024-10-22,Node_2,35
2024-10-23,Node_2,36
2024-10-24,Node_2,37
2024-10-25,Node_2,52
2024-10-26,Node_2,46
2024-10-27,Node_2,54
2024-10-28,Node_2,38
2024-10-29,Node_2,37
2024-10-30,Node_2,38
2024-10-31,Node_2,33
2024-11-01,Node_2,49
2024-11-02,Node_2,51
2024-11-03,Node_2,53
2024-11-04,Node_2,35
2024-11-05,Node_2,38
2024-11-06,Node_2,35
2024-11-07,Node_2,39
2024-11-08,Node_2,57
2024-11-09,Node_2,56
2024-11-10,Node_2,54
2024-11-11,Node_2,37
2024-11-12,Node_2,32
2024-11-13,Node_2,40
2024-11-14,Node_2,47
2024-11-15,Node_2,53
2024-11-16,Node_2,55
2024-11-17,Node_2,53
2024-11-18,Node_2,41
2024-11-19,Node_2,36
2024-11-20,Node_2,39
2024-11-21,Node_2,39
2024-11-22,Node_2,57
2024-11-23,Node_2,56
2024-11-24,Node_2,56
2024-11-25,Node_2,39
2024-11-26,Node_2,37
2024-11-27,Node_2,31
2024-11-28,Node_2,32
2024-11-29,Node_2,56
2024-11-30,Node_2,58
2024-12-01,Node_2,55
2024-12-02,Node_2,40
2024-12-03,Node_2,42
2024-12-04,Node_2,38
2024-12-05,Node_2,36
2024-12-06,Node_2,57
2024-12-07,Node_2,52
2024-12-08,Node_2,54
2024-12-09,Node_2,29
2024-12-10,Node_2,44
2024-12-11,Node_2,37
2024-12-12,Node_2,39
2024-12-13,Node_2,48
2024-12-14,Node_2,52
2024-12-15,Node_2,52
2024-12-16,Node_2,39
2024-12-17,Node_2,37
2024-12-18,Node_2,37
2024-12-19,Node_2,32
2024-12-20,Node_2,51
2024-12-21,Node_2,51
2024-12-22,Node_2,59
2024-12-23,Node_2,41
2024-12-24,Node_2,43
2024-12-25,Node_2,42
2024-12-26,Node_2,34
2024-12-27,Node_2,52
2024-12-28,Node_2,57
2024-12-29,Node_2,49
2024-12-30,Node_2,35
2024-01-01,Node_3,50
2024-01-02,Node_3,51
2024-01-03,Node_3,43
2024-01-04,Node_3,51
2024-01-05,Node_3,58
2024-01-06,Node_3,66
2024-01-07,Node_3,65
2024-01-08,Node_3,40
2024-01-09,Node_3,54
2024-01-10,Node_3,48
2024-01-11,Node_3,46
2024-01-12,Node_3,65
2024-01-13,Node_3,61
2024-01-14,Node_3,63
2024-01-15,Node_3,49
2024-01-16,Node_3,46
2024-01-17,Node_3,50
2024-01-18,Node_3,50
2024-01-19,Node_3,59
2024-01-20,Node_3,63
2024-01-21,Node_3,62
2024-01-22,Node_3,51
2024-01-23,Node_3,48
2024-01-24,Node_3,46
2024-01-25,Node_3,45
2024-01-26,Node_3,60
2024-01-27,Node_3,67
2024-01-28,Node_3,65
2024-01-29,Node_3,45
2024-01-30,Node_3,45
2024-01-31,Node_3,49
2024-02-01,Node_3,50
2024-02-02,Node_3,61
2024-02-03,Node_3,59
2024-02-04,Node_3,64
2024-02-05,Node_3,49
2024-02-06,Node_3,48
2024-02-07,Node_3,43
2024-02-08,Node_3,47
2024-02-09,Node_3,62
2024-02-10,Node_3,58
2024-02-11,Node_3,64
2024-02-12,Node_3,46
2024-02-13,Node_3,47
2024-02-14,Node_3,52
2024-02-15,Node_3,50
2024-02-16,Node_3,62
2024-02-17,Node_3,62
2024-02-18,Node_3,67
2024-02-19,Node_3,45
2024-02-20,Node_3,47
2024-02-21,Node_3,47
2024-02-22,Node_3,50
2024-02-23,Node_3,57
2024-02-24,Node_3,64
2024-02-25,Node_3,63
2024-02-26,Node_3,47
2024-02-27,Node_3,46
2024-02-28,Node_3,48
2024-02-29,Node_3,44
2024-03-01,Node_3,59
2024-03-02,Node_3,64
2024-03-03,Node_3,61
2024-03-04,Node_3,49
2024-03-05,Node_3,46
2024-03-06,Node_3,52
2024-03-07,Node_3,48
2024-03-08,Node_3,60
2024-03-09,Node_3,64
2024-03-10,Node_3,61
2024-03-11,Node_3,55
2024-03-12,Node_3,47
2024-03-13,Node_3,47
2024-03-14,Node_3,46
2024-03-15,Node_3,59
2024-03-16,Node_3,68
2024-03-17,Node_3,60
2024-03-18,Node_3,49
2024-03-19,Node_3,41
2024-03-20,Node_3,45
2024-03-21,Node_3,46
2024-03-22,Node_3,65
2024-03-23,Node_3,62
2024-03-24,Node_3,62
2024-03-25,Node_3,47
2024-03-26,Node_3,48
2024-03-27,Node_3,46
2024-03-28,Node_3,52
2024-03-29,Node_3,65
2024-03-30,Node_3,65
2024-03-31,Node_3,61
2024-04-01,Node_3,46
2024-04-02,Node_3,44
2024-04-03,Node_3,45
2024-04-04,Node_3,47
2024-04-05,Node_3,67
2024-04-06,Node_3,61
2024-04-07,Node_3,63
2024-04-08,Node_3,47
2024-04-09,Node_3,47
2024-04-10,Node_3,52
2024-04-11,Node_3,48
2024-04-12,Node_3,62
2024-04-13,Node_3,63
2024-04-14,Node_3,61
2024-04-15,Node_3,48
2024-04-16,Node_3,46
2024-04-17,Node_3,49
2024-04-18,Node_3,46
2024-04-19,Node_3,60
2024-04-20,Node_3,60
2024-04-21,Node_3,62
2024-04-22,Node_3,41
2024-04-23,Node_3,47
2024-04-24,Node_3,42
2024-04-25,Node_3,47
2024-04-26,Node_3,60
2024-04-27,Node_3,57
2024-04-28,Node_3,64
2024-04-29,Node_3,49
2024-04-30,Node_3,53
2024-05-01,Node_3,43
2024-05-02,Node_3,51
2024-05-03,Node_3,63
2024-05-04,Node_3,61
2024-05-05,Node_3,61
2024-05-06,Node_3,49
2024-05-07,Node_3,46
2024-05-08,Node_3,45
2024-05-09,Node_3,46
2024-05-10,Node_3,60
2024-05-11,Node_3,64
2024-05-12,Node_3,59
2024-05-13,Node_3,52
2024-05-14,Node_3,41
2024-05-15,Node_3,50
2024-05-16,Node_3,49
2024-05-17,Node_3,64
2024-05-18,Node_3,64
2024-05-19,Node_3,69
2024-05-20,Node_3,52
2024-05-21,Node_3,46
2024-05-22,Node_3,45
2024-05-23,Node_3,49
2024-05-24,Node_3,60
2024-05-25,Node_3,64
2024-05-26,Node_3,63
2024-05-27,Node_3,39
2024-05-28,Node_3,44
2024-05-29,Node_3,52
2024-05-30,Node_3,49
2024-05-31,Node_3,55
2024-06-01,Node_3,64
2024-06-02,Node_3,60
2024-06-03,Node_3,40
2024-06-04,Node_3,41
2024-06-05,Node_3,50
2024-06-06,Node_3,50
2024-06-07,Node_3,60
2024-06-08,Node_3,63
2024-06-09,Node_3,61
2024-06-10,Node_3,52
2024-06-11,Node_3,48
2024-06-12,Node_3,49
2024-06-13,Node_3,51
2024-06-14,Node_3,60
2024-06-15,Node_3,64
2024-06-16,Node_3,63
2024-06-17,Node_3,52
2024-06-18,Node_3,48
2024-06-19,Node_3,49
2024-06-20,Node_3,50
2024-06-21,Node_3,65
2024-06-22,Node_3,61
2024-06-23,Node_3,67
2024-06-24,Node_3,42
2024-06-25,Node_3,48
2024-06-26,Node_3,51
2024-06-27,Node_3,45
2024-06-28,Node_3,58
2024-06-29,Node_3,65
2024-06-30,Node_3,58
2024-07-01,Node_3,49
2024-07-02,Node_3,44
2024-07-03,Node_3,49
2024-07-04,Node_3,51
2024-07-05,Node_3,59
2024-07-06,Node_3,65
2024-07-07,Node_3,61
2024-07-08,Node_3,47
2024-07-09,Node_3,47
2024-07-10,Node_3,43
2024-07-11,Node_3,45
2024-07-12,Node_3,63
2024-07-13,Node_3,60
2024-07-14,Node_3,61
2024-07-15,Node_3,46
2024-07-16,Node_3,47
2024-07-17,Node_3,45
2024-07-18,Node_3,48
2024-07-19,Node_3,62
2024-07-20,Node_3,60
2024-07-21,Node_3,64
2024-07-22,Node_3,47
2024-07-23,Node_3,44
2024-07-24,Node_3,47
2024-07-25,Node_3,45
2024-07-26,Node_3,63
2024-07-27,Node_3,67
2024-07-28,Node_3,63
2024-07-29,Node_3,44
2024-07-30,Node_3,49
2024-07-31,Node_3,45
2024-08-01,Node_3,50
2024-08-02,Node_3,62
2024-08-03,Node_3,64
2024-08-04,Node_3,58
2024-08-05,Node_3,48
2024-08-06,Node_3,49
2024-08-07,Node_3,43
2024-08-08,Node_3,48
2024-08-09,Node_3,57
2024-08-10,Node_3,58
2024-08-11,Node_3,62
2024-08-12,Node_3,44
2024-08-13,Node_3,49
2024-08-14,Node_3,42
2024-08-15,Node_3,45
2024-08-16,Node_3,64
2024-08-17,Node_3,64
2024-08-18,Node_3,66
2024-08-19,Node_3,47
2024-08-20,Node_3,50
2024-08-21,Node_3,50
2024-08-22,Node_3,49
2024-08-23,Node_3,58
2024-08-24,Node_3,67
2024-08-25,Node_3,65
2024-08-26,Node_3,52
2024-08-27,Node_3,42
2024-08-28,Node_3,42
2024-08-29,Node_3,44
2024-08-30,Node_3,58
2024-08-31,Node_3,59
2024-09-01,Node_3,66
2024-09-02,Node_3,49
2024-09-03,Node_3,46
2024-09-04,Node_3,52
2024-09-05,Node_3,41
2024-09-06,Node_3,61
2024-09-07,Node_3,58
2024-09-08,Node_3,64
2024-09-09,Node_3,52
2024-09-10,Node_3,47
2024-09-11,Node_3,52
2024-09-12,Node_3,48
2024-09-13,Node_3,52
2024-09-14,Node_3,63
2024-09-15,Node_3,58
2024-09-16,Node_3,48
2024-09-17,Node_3,44
2024-09-18,Node_3,47
2024-09-19,Node_3,45
2024-09-20,Node_3,62
2024-09-21,Node_3,67
2024-09-22,Node_3,62
2024-09-23,Node_3,46
2024-09-24,Node_3,43
2024-09-25,Node_3,46
2024-09-26,Node_3,47
2024-09-27,Node_3,63
2024-09-28,Node_3,68
2024-09-29,Node_3,69
2024-09-30,Node_3,52
2024-10-01,Node_3,46
2024-10-02,Node_3,49
2024-10-03,Node_3,44
2024-10-04,Node_3,62
2024-10-05,Node_3,61
2024-10-06,Node_3,60
2024-10-07,Node_3,48
2024-10-08,Node_3,46
2024-10-09,Node_3,47
2024-10-10,Node_3,47
2024-10-11,Node_3,64
2024-10-12,Node_3,58
2024-10-13,Node_3,63
2024-10-14,Node_3,47
2024-10-15,Node_3,47
2024-10-16,Node_3,45
2024-10-17,Node_3,44
2024-10-18,Node_3,61
2024-10-19,Node_3,65
2024-10-20,Node_3,63
2024-10-21,Node_3,50
2024-10-22,Node_3,48
2024-10-23,Node_3,40
2024-10-24,Node_3,51
2024-10-25,Node_3,63
2024-10-26,Node_3,60
2024-10-27,Node_3,51
2024-10-28,Node_3,49
2024-10-29,Node_3,46
2024-10-30,Node_3,49
2024-10-31,Node_3,47
2024-11-01,Node_3,65
2024-11-02,Node_3,60
2024-11-03,Node_3,61
2024-11-04,Node_3,51
2024-11-05,Node_3,45
2024-11-06,Node_3,46
2024-11-07,Node_3,43
2024-11-08,Node_3,65
2024-11-09,Node_3,63
2024-11-10,Node_3,66
2024-11-11,Node_3,44
2024-11-12,Node_3,57
2024-11-13,Node_3,49
2024-11-14,Node_3,50
2024-11-15,Node_3,61
2024-11-16,Node_3,64
2024-11-17,Node_3,53
2024-11-18,Node_3,52
2024-11-19,Node_3,46
2024-11-20,Node_3,51
2024-11-21,Node_3,47
2024-11-22,Node_3,60
2024-11-23,Node_3,62
2024-11-24,Node_3,62
2024-11-25,Node_3,49
2024-11-26,Node_3,46
2024-11-27,Node_3,46
2024-11-28,Node_3,46
2024-11-29,Node_3,63
2024-11-30,Node_3,58
2024-12-01,Node_3,60
2024-12-02,Node_3,46
2024-12-03,Node_3,56
2024-12-04,Node_3,48
2024-12-05,Node_3,51
2024-12-06,Node_3,65
2024-12-07,Node_3,61
2024-12-08,Node_3,57
2024-12-09,Node_3,47
2024-12-10,Node_3,45
2024-12-11,Node_3,48
2024-12-12,Node_3,52
2024-12-13,Node_3,66
2024-12-14,Node_3,57
2024-12-15,Node_3,55
2024-12-16,Node_3,47
2024-12-17,Node_3,46
2024-12-18,Node_3,45
2024-12-19,Node_3,49
2024-12-20,Node_3,63
2024-12-21,Node_3,65
2024-12-22,Node_3,54
2024-12-23,Node_3,43
2024-12-24,Node_3,47
2024-12-25,Node_3,49
2024-12-26,Node_3,51
2024-12-27,Node_3,58
2024-12-28,Node_3,64
2024-12-29,Node_3,65
2024-12-30,Node_3,47
2024-01-01,Node_4,60
2024-01-02,Node_4,60
2024-01-03,Node_4,63
2024-01-04,Node_4,57
2024-01-05,Node_4,78
2024-01-06,Node_4,76
2024-01-07,Node_4,71
2024-01-08,Node_4,57
2024-01-09,Node_4,62
2024-01-10,Node_4,61
2024-01-11,Node_4,59
2024-01-12,Node_4,76
2024-01-13,Node_4,73
2024-01-14,Node_4,71
2024-01-15,Node_4,57
2024-01-16,Node_4,57
2024-01-17,Node_4,61
2024-01-18,Node_4,57
2024-01-19,Node_4,70
2024-01-20,Node_4,77
2024-01-21,Node_4,73
2024-01-22,Node_4,57
2024-01-23,Node_4,63
2024-01-24,Node_4,63
2024-01-25,Node_4,62
2024-01-26,Node_4,73
2024-01-27,Node_4,74
2024-01-28,Node_4,75
2024-01-29,Node_4,51
2024-01-30,Node_4,56
2024-01-31,Node_4,62
2024-02-01,Node_4,57
2024-02-02,Node_4,79
2024-02-03,Node_4,75
2024-02-04,Node_4,74
2024-02-05,Node_4,60
2024-02-06,Node_4,60
2024-02-07,Node_4,64
2024-02-08,Node_4,58
2024-02-09,Node_4,78
2024-02-10,Node_4,73
2024-02-11,Node_4,79
2024-02-12,Node_4,55
2024-02-13,Node_4,58
2024-02-14,Node_4,58
2024-02-15,Node_4,70
2024-02-16,Node_4,73
2024-02-17,Node_4,75
2024-02-18,Node_4,70
2024-02-19,Node_4,59
2024-02-20,Node_4,62
2024-02-21,Node_4,60
2024-02-22,Node_4,56
2024-02-23,Node_4,71
2024-02-24,Node_4,74
2024-02-25,Node_4,69
2024-02-26,Node_4,56
2024-02-27,Node_4,53
2024-02-28,Node_4,55
2024-02-29,Node_4,59
2024-03-01,Node_4,68
2024-03-02,Node_4,71
2024-03-03,Node_4,72
2024-03-04,Node_4,57
2024-03-05,Node_4,55
2024-03-06,Node_4,57
2024-03-07,Node_4,56
2024-03-08,Node_4,74
2024-03-09,Node_4,72
2024-03-10,Node_4,76
2024-03-11,Node_4,54
2024-03-12,Node_4,60
2024-03-13,Node_4,56
2024-03-14,Node_4,61
2024-03-15,Node_4,75
2024-03-16,Node_4,73
2024-03-17,Node_4,70
2024-03-18,Node_4,57
2024-03-19,Node_4,57
2024-03-20,Node_4,60
2024-03-21,Node_4,55
2024-03-22,Node_4,79
2024-03-23,Node_4,75
2024-03-24,Node_4,74
2024-03-25,Node_4,58
2024-03-26,Node_4,57
2024-03-27,Node_4,57
2024-03-28,Node_4,62
2024-03-29,Node_4,75
2024-03-30,Node_4,78
2024-03-31,Node_4,68
2024-04-01,Node_4,60
2024-04-02,Node_4,61
2024-04-03,Node_4,61
2024-04-04,Node_4,55
2024-04-05,Node_4,79
2024-04-06,Node_4,71
2024-04-07,Node_4,77
2024-04-08,Node_4,59
2024-04-09,Node_4,60
2024-04-10,Node_4,50
2024-04-11,Node_4,60
2024-04-12,Node_4,72
2024-04-13,Node_4,76
2024-04-14,Node_4,72
2024-04-15,Node_4,54
2024-04-16,Node_4,56
2024-04-17,Node_4,60
2024-04-18,Node_4,60
2024-04-19,Node_4,72
2024-04-20,Node_4,69
2024-04-21,Node_4,72
2024-04-22,Node_4,54
2024-04-23,Node_4,61
2024-04-24,Node_4,57
2024-04-25,Node_4,65
2024-04-26,Node_4,74
2024-04-27,Node_4,71
2024-04-28,Node_4,73
2024-04-29,Node_4,58
2024-04-30,Node_4,61
2024-05-01,Node_4,61
2024-05-02,Node_4,57
2024-05-03,Node_4,78
2024-05-04,Node_4,73
2024-05-05,Node_4,75
2024-05-06,Node_4,61
2024-05-07,Node_4,59
2024-05-08,Node_4,61
2024-05-09,Node_4,62
2024-05-10,Node_4,79
2024-05-11,Node_4,71
2024-05-12,Node_4,70
2024-05-13,Node_4,56
2024-05-14,Node_4,58
2024-05-15,Node_4,56
2024-05-16,Node_4,55
2024-05-17,Node_4,71
2024-05-18,Node_4,71
2024-05-19,Node_4,72
2024-05-20,Node_4,57
2024-05-21,Node_4,61
2024-05-22,Node_4,56
2024-05-23,Node_4,58
2024-05-24,Node_4,75
2024-05-25,Node_4,72
2024-05-26,Node_4,76
2024-05-27,Node_4,57
2024-05-28,Node_4,56
2024-05-29,Node_4,56
2024-05-30,Node_4,53
2024-05-31,Node_4,73
2024-06-01,Node_4,70
2024-06-02,Node_4,75
2024-06-03,Node_4,63
2024-06-04,Node_4,56
2024-06-05,Node_4,57
2024-06-06,Node_4,57
2024-06-07,Node_4,75
2024-06-08,Node_4,76
2024-06-09,Node_4,69
2024-06-10,Node_4,59
2024-06-11,Node_4,55
2024-06-12,Node_4,58
2024-06-13,Node_4,55
2024-06-14,Node_4,73
2024-06-15,Node_4,76
2024-06-16,Node_4,76
2024-06-17,Node_4,59
2024-06-18,Node_4,56
2024-06-19,Node_4,61
2024-06-20,Node_4,60
2024-06-21,Node_4,68
2024-06-22,Node_4,73
2024-06-23,Node_4,70
2024-06-24,Node_4,58
2024-06-25,Node_4,63
2024-06-26,Node_4,55
2024-06-27,Node_4,55
2024-06-28,Node_4,74
2024-06-29,Node_4,73
2024-06-30,Node_4,70
2024-07-01,Node_4,56
2024-07-02,Node_4,62
2024-07-03,Node_4,63
2024-07-04,Node_4,57
2024-07-05,Node_4,78
2024-07-06,Node_4,71
2024-07-07,Node_4,74
2024-07-08,Node_4,52
2024-07-09,Node_4,58
2024-07-10,Node_4,55
2024-07-11,Node_4,62
2024-07-12,Node_4,73
2024-07-13,Node_4,77
2024-07-14,Node_4,74
2024-07-15,Node_4,56
2024-07-16,Node_4,58
2024-07-17,Node_4,56
2024-07-18,Node_4,57
2024-07-19,Node_4,76
2024-07-20,Node_4,75
2024-07-21,Node_4,75
2024-07-22,Node_4,58
2024-07-23,Node_4,61
2024-07-24,Node_4,55
2024-07-25,Node_4,61
2024-07-26,Node_4,68
2024-07-27,Node_4,73
2024-07-28,Node_4,74
2024-07-29,Node_4,60
2024-07-30,Node_4,54
2024-07-31,Node_4,58
2024-08-01,Node_4,63
2024-08-02,Node_4,77
2024-08-03,Node_4,71
2024-08-04,Node_4,78
2024-08-05,Node_4,58
2024-08-06,Node_4,62
2024-08-07,Node_4,57
2024-08-08,Node_4,62
2024-08-09,Node_4,75
2024-08-10,Node_4,70
2024-08-11,Node_4,72
2024-08-12,Node_4,56
2024-08-13,Node_4,59
2024-08-14,Node_4,61
2024-08-15,Node_4,59
2024-08-16,Node_4,73
2024-08-17,Node_4,79
2024-08-18,Node_4,71
2024-08-19,Node_4,57
2024-08-20,Node_4,59
2024-08-21,Node_4,57
2024-08-22,Node_4,54
2024-08-23,Node_4,75
2024-08-24,Node_4,75
2024-08-25,Node_4,77
2024-08-26,Node_4,60
2024-08-27,Node_4,57
2024-08-28,Node_4,62
2024-08-29,Node_4,63
2024-08-30,Node_4,80
2024-08-31,Node_4,73
2024-09-01,Node_4,74
2024-09-02,Node_4,58
2024-09-03,Node_4,57
2024-09-04,Node_4,59
2024-09-05,Node_4,57
2024-09-06,Node_4,74
2024-09-07,Node_4,70
2024-09-08,Node_4,69
2024-09-09,Node_4,54
2024-09-10,Node_4,65
2024-09-11,Node_4,62
2024-09-12,Node_4,61
2024-09-13,Node_4,72
2024-09-14,Node_4,69
2024-09-15,Node_4,71
2024-09-16,Node_4,57
2024-09-17,Node_4,55
2024-09-18,Node_4,57
2024-09-19,Node_4,61
2024-09-20,Node_4,74
2024-09-21,Node_4,76
2024-09-22,Node_4,71
2024-09-23,Node_4,54
2024-09-24,Node_4,58
2024-09-25,Node_4,63
2024-09-26,Node_4,54
2024-09-27,Node_4,78
2024-09-28,Node_4,71
2024-09-29,Node_4,75
2024-09-30,Node_4,55
2024-10-01,Node_4,59
2024-10-02,Node_4,52
2024-10-03,Node_4,61
2024-10-04,Node_4,75
2024-10-05,Node_4,73
2024-10-06,Node_4,75
2024-10-07,Node_4,53
2024-10-08,Node_4,64
2024-10-09,Node_4,57
2024-10-10,Node_4,53
2024-10-11,Node_4,80
2024-10-12,Node_4,73
2024-10-13,Node_4,75
2024-10-14,Node_4,56
2024-10-15,Node_4,64
2024-10-16,Node_4,59
2024-10-17,Node_4,55
2024-10-18,Node_4,70
2024-10-19,Node_4,74
2024-10-20,Node_4,74
2024-10-21,Node_4,59
2024-10-22,Node_4,59
2024-10-23,Node_4,60
2024-10-24,Node_4,60
2024-10-25,Node_4,75
2024-10-26,Node_4,73
2024-10-27,Node_4,71
2024-10-28,Node_4,59
2024-10-29,Node_4,57
2024-10-30,Node_4,56
2024-10-31,Node_4,52
2024-11-01,Node_4,70
2024-11-02,Node_4,74
2024-11-03,Node_4,74
2024-11-04,Node_4,58
2024-11-05,Node_4,58
2024-11-06,Node_4,53
2024-11-07,Node_4,63
2024-11-08,Node_4,76
2024-11-09,Node_4,69
2024-11-10,Node_4,75
2024-11-11,Node_4,58
2024-11-12,Node_4,60
2024-11-13,Node_4,59
2024-11-14,Node_4,56
2024-11-15,Node_4,68
2024-11-16,Node_4,78
2024-11-17,Node_4,76
2024-11-18,Node_4,60
2024-11-19,Node_4,59
2024-11-20,Node_4,61
2024-11-21,Node_4,54
2024-11-22,Node_4,71
2024-11-23,Node_4,73
2024-11-24,Node_4,77
2024-11-25,Node_4,62
2024-11-26,Node_4,60
2024-11-27,Node_4,55
2024-11-28,Node_4,61
2024-11-29,Node_4,73
2024-11-30,Node_4,69
2024-12-01,Node_4,72
2024-12-02,Node_4,59
2024-12-03,Node_4,55
2024-12-04,Node_4,52
2024-12-05,Node_4,57
2024-12-06,Node_4,78
2024-12-07,Node_4,72
2024-12-08,Node_4,74
2024-12-09,Node_4,58
2024-12-10,Node_4,53
2024-12-11,Node_4,59
2024-12-12,Node_4,61
2024-12-13,Node_4,74
2024-12-14,Node_4,69
2024-12-15,Node_4,78
2024-12-16,Node_4,64
2024-12-17,Node_4,53
2024-12-18,Node_4,60
2024-12-19,Node_4,60
2024-12-20,Node_4,78
2024-12-21,Node_4,71
2024-12-22,Node_4,76
2024-12-23,Node_4,58
2024-12-24,Node_4,56
2024-12-25,Node_4,54
2024-12-26,Node_4,58
2024-12-27,Node_4,72
2024-12-28,Node_4,75
2024-12-29,Node_4,75
2024-12-30,Node_4,55
2024-01-01,Node_5,42
2024-01-02,Node_5,34
2024-01-03,Node_5,45
2024-01-04,Node_5,39
2024-01-05,Node_5,54
2024-01-06,Node_5,52
2024-01-07,Node_5,51
2024-01-08,Node_5,39
2024-01-09,Node_5,34
2024-01-10,Node_5,37
2024-01-11,Node_5,39
2024-01-12,Node_5,50
2024-01-13,Node_5,54
2024-01-14,Node_5,56
2024-01-15,Node_5,44
2024-01-16,Node_5,39
2024-01-17,Node_5,33
2024-01-18,Node_5,36
2024-01-19,Node_5,49
2024-01-20,Node_5,54
2024-01-21,Node_5,52
2024-01-22,Node_5,40
2024-01-23,Node_5,35
2024-01-24,Node_5,34
2024-01-25,Node_5,40
2024-01-26,Node_5,55
2024-01-27,Node_5,52
2024-01-28,Node_5,58
2024-01-29,Node_5,42
2024-01-30,Node_5,38
2024-01-31,Node_5,37
2024-02-01,Node_5,33
2024-02-02,Node_5,48
2024-02-03,Node_5,56
2024-02-04,Node_5,52
2024-02-05,Node_5,38
2024-02-06,Node_5,39
2024-02-07,Node_5,37
2024-02-08,Node_5,38
2024-02-09,Node_5,46
2024-02-10,Node_5,50
2024-02-11,Node_5,54
2024-02-12,Node_5,36
2024-02-13,Node_5,44
2024-02-14,Node_5,36
2024-02-15,Node_5,34
2024-02-16,Node_5,50
2024-02-17,Node_5,52
2024-02-18,Node_5,53
2024-02-19,Node_5,33
2024-02-20,Node_5,41
2024-02-21,Node_5,41
2024-02-22,Node_5,32
2024-02-23,Node_5,51
2024-02-24,Node_5,56
2024-02-25,Node_5,53
2024-02-26,Node_5,42
2024-02-27,Node_5,38
2024-02-28,Node_5,33
2024-02-29,Node_5,38
2024-03-01,Node_5,47
2024-03-02,Node_5,58
2024-03-03,Node_5,52
2024-03-04,Node_5,37
2024-03-05,Node_5,46
2024-03-06,Node_5,37
2024-03-07,Node_5,37
2024-03-08,Node_5,51
2024-03-09,Node_5,55
2024-03-10,Node_5,50
2024-03-11,Node_5,36
2024-03-12,Node_5,41
2024-03-13,Node_5,39
2024-03-14,Node_5,39
2024-03-15,Node_5,52
2024-03-16,Node_5,57
2024-03-17,Node_5,56
2024-03-18,Node_5,42
2024-03-19,Node_5,32
2024-03-20,Node_5,40
2024-03-21,Node_5,37
2024-03-22,Node_5,56
2024-03-23,Node_5,51
2024-03-24,Node_5,54
2024-03-25,Node_5,38
2024-03-26,Node_5,39
2024-03-27,Node_5,35
2024-03-28,Node_5,38
2024-03-29,Node_5,48
2024-03-30,Node_5,54
2024-03-31,Node_5,49
2024-04-01,Node_5,42
2024-04-02,Node_5,38
2024-04-03,Node_5,38
2024-04-04,Node_5,39
2024-04-05,Node_5,51
2024-04-06,Node_5,51
2024-04-07,Node_5,51
2024-04-08,Node_5,35
2024-04-09,Node_5,36
2024-04-10,Node_5,37
2024-04-11,Node_5,36
2024-04-12,Node_5,53
2024-04-13,Node_5,54
2024-04-14,Node_5,55
2024-04-15,Node_5,38
2024-04-16,Node_5,39
2024-04-17,Node_5,39
2024-04-18,Node_5,35
2024-04-19,Node_5,54
2024-04-20,Node_5,51
2024-04-21,Node_5,56
2024-04-22,Node_5,34
2024-04-23,Node_5,36
2024-04-24,Node_5,32
2024-04-25,Node_5,35
2024-04-26,Node_5,51
2024-04-27,Node_5,55
2024-04-28,Node_5,53
2024-04-29,Node_5,45
2024-04-30,Node_5,38
2024-05-01,Node_5,39
2024-05-02,Node_5,40
2024-05-03,Node_5,52
2024-05-04,Node_5,56
2024-05-05,Node_5,48
2024-05-06,Node_5,34
2024-05-07,Node_5,36
2024-05-08,Node_5,33
2024-05-09,Node_5,39
2024-05-10,Node_5,52
2024-05-11,Node_5,54
2024-05-12,Node_5,55
2024-05-13,Node_5,39
2024-05-14,Node_5,40
2024-05-15,Node_5,35
2024-05-16,Node_5,40
2024-05-17,Node_5,48
2024-05-18,Node_5,51
2024-05-19,Node_5,52
2024-05-20,Node_5,37
2024-05-21,Node_5,35
2024-05-22,Node_5,37
2024-05-23,Node_5,35
2024-05-24,Node_5,51
2024-05-25,Node_5,51
2024-05-26,Node_5,54
2024-05-27,Node_5,39
2024-05-28,Node_5,36
2024-05-29,Node_5,36
2024-05-30,Node_5,36
2024-05-31,Node_5,50
2024-06-01,Node_5,54
2024-06-02,Node_5,54
2024-06-03,Node_5,35
2024-06-04,Node_5,39
2024-06-05,Node_5,36
2024-06-06,Node_5,44
2024-06-07,Node_5,53
2024-06-08,Node_5,48
2024-06-09,Node_5,55
2024-06-10,Node_5,40
2024-06-11,Node_5,38
2024-06-12,Node_5,38
2024-06-13,Node_5,42
2024-06-14,Node_5,58
2024-06-15,Node_5,52
2024-06-16,Node_5,50
2024-06-17,Node_5,38
2024-06-18,Node_5,38
2024-06-19,Node_5,33
2024-06-20,Node_5,34
2024-06-21,Node_5,52
2024-06-22,Node_5,50
2024-06-23,Node_5,50
2024-06-24,Node_5,39
2024-06-25,Node_5,37
2024-06-26,Node_5,38
2024-06-27,Node_5,39
2024-06-28,Node_5,52
2024-06-29,Node_5,51
2024-06-30,Node_5,52
2024-07-01,Node_5,36
2024-07-02,Node_5,43
2024-07-03,Node_5,38
2024-07-04,Node_5,40
2024-07-05,Node_5,49
2024-07-06,Node_5,54
2024-07-07,Node_5,53
2024-07-08,Node_5,38
2024-07-09,Node_5,33
2024-07-10,Node_5,36
2024-07-11,Node_5,37
2024-07-12,Node_5,53
2024-07-13,Node_5,54
2024-07-14,Node_5,49
2024-07-15,Node_5,35
2024-07-16,Node_5,38
2024-07-17,Node_5,36
2024-07-18,Node_5,40
2024-07-19,Node_5,47
2024-07-20,Node_5,53
2024-07-21,Node_5,54
2024-07-22,Node_5,34
2024-07-23,Node_5,38
2024-07-24,Node_5,32
2024-07-25,Node_5,35
2024-07-26,Node_5,50
2024-07-27,Node_5,52
2024-07-28,Node_5,52
2024-07-29,Node_5,39
2024-07-30,Node_5,36
2024-07-31,Node_5,37
2024-08-01,Node_5,40
2024-08-02,Node_5,48
2024-08-03,Node_5,53
2024-08-04,Node_5,56
2024-08-05,Node_5,35
2024-08-06,Node_5,39
2024-08-07,Node_5,35
2024-08-08,Node_5,36
2024-08-09,Node_5,50
2024-08-10,Node_5,54
2024-08-11,Node_5,53
2024-08-12,Node_5,38
2024-08-13,Node_5,34
2024-08-14,Node_5,36
2024-08-15,Node_5,38
2024-08-16,Node_5,47
2024-08-17,Node_5,50
2024-08-18,Node_5,49
2024-08-19,Node_5,32
2024-08-20,Node_5,37
2024-08-21,Node_5,39
2024-08-22,Node_5,36
2024-08-23,Node_5,51
2024-08-24,Node_5,51
2024-08-25,Node_5,52
2024-08-26,Node_5,37
2024-08-27,Node_5,43
2024-08-28,Node_5,42
2024-08-29,Node_5,35
2024-08-30,Node_5,50
2024-08-31,Node_5,56
2024-09-01,Node_5,49
2024-09-02,Node_5,37
2024-09-03,Node_5,31
2024-09-04,Node_5,36
2024-09-05,Node_5,40
2024-09-06,Node_5,54
2024-09-07,Node_5,55
2024-09-08,Node_5,52
2024-09-09,Node_5,40
2024-09-10,Node_5,41
2024-09-11,Node_5,38
2024-09-12,Node_5,37
2024-09-13,Node_5,50
2024-09-14,Node_5,56
2024-09-15,Node_5,54
2024-09-16,Node_5,31
2024-09-17,Node_5,33
2024-09-18,Node_5,31
2024-09-19,Node_5,37
2024-09-20,Node_5,52
2024-09-21,Node_5,52
2024-09-22,Node_5,52
2024-09-23,Node_5,39
2024-09-24,Node_5,43
2024-09-25,Node_5,35
2024-09-26,Node_5,35
2024-09-27,Node_5,54
2024-09-28,Node_5,56
2024-09-29,Node_5,51
2024-09-30,Node_5,32
2024-10-01,Node_5,34
2024-10-02,Node_5,38
2024-10-03,Node_5,40
2024-10-04,Node_5,55
2024-10-05,Node_5,50
2024-10-06,Node_5,52
2024-10-07,Node_5,41
2024-10-08,Node_5,37
2024-10-09,Node_5,41
2024-10-10,Node_5,39
2024-10-11,Node_5,54
2024-10-12,Node_5,50
2024-10-13,Node_5,48
2024-10-14,Node_5,41
2024-10-15,Node_5,35
2024-10-16,Node_5,39
2024-10-17,Node_5,35
2024-10-18,Node_5,54
2024-10-19,Node_5,48
2024-10-20,Node_5,53
2024-10-21,Node_5,38
2024-10-22,Node_5,32
2024-10-23,Node_5,38
2024-10-24,Node_5,34
2024-10-25,Node_5,54
2024-10-26,Node_5,55
2024-10-27,Node_5,49
2024-10-28,Node_5,33
2024-10-29,Node_5,36
2024-10-30,Node_5,41
2024-10-31,Node_5,40
2024-11-01,Node_5,48
2024-11-02,Node_5,54
2024-11-03,Node_5,55
2024-11-04,Node_5,36
2024-11-05,Node_5,39
2024-11-06,Node_5,39
2024-11-07,Node_5,37
2024-11-08,Node_5,58
2024-11-09,Node_5,54
2024-11-10,Node_5,53
2024-11-11,Node_5,37
2024-11-12,Node_5,41
2024-11-13,Node_5,31
2024-11-14,Node_5,34
2024-11-15,Node_5,46
2024-11-16,Node_5,52
2024-11-17,Node_5,52
2024-11-18,Node_5,37
2024-11-19,Node_5,35
2024-11-20,Node_5,41
2024-11-21,Node_5,42
2024-11-22,Node_5,54
2024-11-23,Node_5,53
2024-11-24,Node_5,55
2024-11-25,Node_5,35
2024-11-26,Node_5,36
2024-11-27,Node_5,42
2024-11-28,Node_5,41
2024-11-29,Node_5,54
2024-11-30,Node_5,53
2024-12-01,Node_5,52
2024-12-02,Node_5,38
2024-12-03,Node_5,36
2024-12-04,Node_5,40
2024-12-05,Node_5,35
2024-12-06,Node_5,53
2024-12-07,Node_5,56
2024-12-08,Node_5,54
2024-12-09,Node_5,38
2024-12-10,Node_5,34
2024-12-11,Node_5,40
2024-12-12,Node_5,39
2024-12-13,Node_5,51
2024-12-14,Node_5,53
2024-12-15,Node_5,56
2024-12-16,Node_5,35
2024-12-17,Node_5,37
2024-12-18,Node_5,36
2024-12-19,Node_5,41
2024-12-20,Node_5,59
2024-12-21,Node_5,52
2024-12-22,Node_5,53
2024-12-23,Node_5,39
2024-12-24,Node_5,37
2024-12-25,Node_5,43
2024-12-26,Node_5,39
2024-12-27,Node_5,57
2024-12-28,Node_5,48
2024-12-29,Node_5,53
2024-12-30,Node_5,41
2024-01-01,Node_6,14
2024-01-02,Node_6,16
2024-01-03,Node_6,21
2024-01-04,Node_6,15
2024-01-05,Node_6,32
2024-01-06,Node_6,30
2024-01-07,Node_6,31
2024-01-08,Node_6,14
2024-01-09,Node_6,19
2024-01-10,Node_6,18
2024-01-11,Node_6,15
2024-01-12,Node_6,35
2024-01-13,Node_6,36
2024-01-14,Node_6,37
2024-01-15,Node_6,16
2024-01-16,Node_6,20
2024-01-17,Node_6,21
2024-01-18,Node_6,18
2024-01-19,Node_6,31
2024-01-20,Node_6,36
2024-01-21,Node_6,34
2024-01-22,Node_6,20
2024-01-23,Node_6,25
2024-01-24,Node_6,18
2024-01-25,Node_6,17
2024-01-26,Node_6,35
2024-01-27,Node_6,29
2024-01-28,Node_6,37
2024-01-29,Node_6,19
2024-01-30,Node_6,17
2024-01-31,Node_6,17
2024-02-01,Node_6,15
2024-02-02,Node_6,34
2024-02-03,Node_6,29
2024-02-04,Node_6,29
2024-02-05,Node_6,15
2024-02-06,Node_6,20
2024-02-07,Node_6,20
2024-02-08,Node_6,16
2024-02-09,Node_6,30
2024-02-10,Node_6,32
2024-02-11,Node_6,35
2024-02-12,Node_6,16
2024-02-13,Node_6,19
2024-02-14,Node_6,14
2024-02-15,Node_6,13
2024-02-16,Node_6,31
2024-02-17,Node_6,30
2024-02-18,Node_6,39
2024-02-19,Node_6,19
2024-02-20,Node_6,16
2024-02-21,Node_6,19
2024-02-22,Node_6,23
2024-02-23,Node_6,28
2024-02-24,Node_6,34
2024-02-25,Node_6,33
2024-02-26,Node_6,22
2024-02-27,Node_6,17
2024-02-28,Node_6,21
2024-02-29,Node_6,13
2024-03-01,Node_6,29
2024-03-02,Node_6,31
2024-03-03,Node_6,29
2024-03-04,Node_6,22
2024-03-05,Node_6,12
2024-03-06,Node_6,16
2024-03-07,Node_6,22
2024-03-08,Node_6,32
2024-03-09,Node_6,32
2024-03-10,Node_6,39
2024-03-11,Node_6,16
2024-03-12,Node_6,23
2024-03-13,Node_6,16
2024-03-14,Node_6,15
2024-03-15,Node_6,34
2024-03-16,Node_6,27
2024-03-17,Node_6,36
2024-03-18,Node_6,18
2024-03-19,Node_6,18
2024-03-20,Node_6,19
2024-03-21,Node_6,20
2024-03-22,Node_6,38
2024-03-23,Node_6,31
2024-03-24,Node_6,30
2024-03-25,Node_6,21
2024-03-26,Node_6,22
2024-03-27,Node_6,21
2024-03-28,Node_6,15
2024-03-29,Node_6,34
2024-03-30,Node_6,30
2024-03-31,Node_6,31
2024-04-01,Node_6,17
2024-04-02,Node_6,12
2024-04-03,Node_6,16
2024-04-04,Node_6,21
2024-04-05,Node_6,30
2024-04-06,Node_6,39
2024-04-07,Node_6,29
2024-04-08,Node_6,21
2024-04-09,Node_6,16
2024-04-10,Node_6,12
2024-04-11,Node_6,23
2024-04-12,Node_6,30
2024-04-13,Node_6,33
2024-04-14,Node_6,30
2024-04-15,Node_6,19
2024-04-16,Node_6,19
2024-04-17,Node_6,13
2024-04-18,Node_6,22
2024-04-19,Node_6,30
2024-04-20,Node_6,33
2024-04-21,Node_6,35
2024-04-22,Node_6,18
2024-04-23,Node_6,17
2024-04-24,Node_6,19
2024-04-25,Node_6,16
2024-04-26,Node_6,34
2024-04-27,Node_6,35
2024-04-28,Node_6,32
2024-04-29,Node_6,20
2024-04-30,Node_6,23
2024-05-01,Node_6,14
2024-05-02,Node_6,18
2024-05-03,Node_6,35
2024-05-04,Node_6,34
2024-05-05,Node_6,26
2024-05-06,Node_6,18
2024-05-07,Node_6,16
2024-05-08,Node_6,22
2024-05-09,Node_6,21
2024-05-10,Node_6,31
2024-05-11,Node_6,34
2024-05-12,Node_6,29
2024-05-13,Node_6,18
2024-05-14,Node_6,16
2024-05-15,Node_6,18
2024-05-16,Node_6,15
2024-05-17,Node_6,35
2024-05-18,Node_6,34
2024-05-19,Node_6,34
2024-05-20,Node_6,11
2024-05-21,Node_6,20
2024-05-22,Node_6,19
2024-05-23,Node_6,15
2024-05-24,Node_6,34
2024-05-25,Node_6,35
2024-05-26,Node_6,28
2024-05-27,Node_6,17
2024-05-28,Node_6,18
2024-05-29,Node_6,14
2024-05-30,Node_6,17
2024-05-31,Node_6,33
2024-06-01,Node_6,32
2024-06-02,Node_6,38
2024-06-03,Node_6,21
2024-06-04,Node_6,13
2024-06-05,Node_6,21
2024-06-06,Node_6,16
2024-06-07,Node_6,37
2024-06-08,Node_6,36
2024-06-09,Node_6,33
2024-06-10,Node_6,17
2024-06-11,Node_6,13
2024-06-12,Node_6,19
2024-06-13,Node_6,18
2024-06-14,Node_6,32
2024-06-15,Node_6,33
2024-06-16,Node_6,32
2024-06-17,Node_6,15
2024-06-18,Node_6,15
2024-06-19,Node_6,13
2024-06-20,Node_6,20
2024-06-21,Node_6,28
2024-06-22,Node_6,32
2024-06-23,Node_6,35
2024-06-24,Node_6,16
2024-06-25,Node_6,17
2024-06-26,Node_6,22
2024-06-27,Node_6,20
2024-06-28,Node_6,34
2024-06-29,Node_6,35
2024-06-30,Node_6,31
2024-07-01,Node_6,13
2024-07-02,Node_6,18
2024-07-03,Node_6,19
2024-07-04,Node_6,23
2024-07-05,Node_6,39
2024-07-06,Node_6,33
2024-07-07,Node_6,32
2024-07-08,Node_6,17
2024-07-09,Node_6,14
2024-07-10,Node_6,18
2024-07-11,Node_6,17
2024-07-12,Node_6,37
2024-07-13,Node_6,33
2024-07-14,Node_6,37
2024-07-15,Node_6,19
2024-07-16,Node_6,15
2024-07-17,Node_6,17
2024-07-18,Node_6,19
2024-07-19,Node_6,39
2024-07-20,Node_6,37
2024-07-21,Node_6,30
2024-07-22,Node_6,25
2024-07-23,Node_6,18
2024-07-24,Node_6,14
2024-07-25,Node_6,22
2024-07-26,Node_6,27
2024-07-27,Node_6,31
2024-07-28,Node_6,37
2024-07-29,Node_6,13
2024-07-30,Node_6,12
2024-07-31,Node_6,16
2024-08-01,Node_6,17
2024-08-02,Node_6,29
2024-08-03,Node_6,26
2024-08-04,Node_6,33
2024-08-05,Node_6,14
2024-08-06,Node_6,19
2024-08-07,Node_6,19
2024-08-08,Node_6,23
2024-08-09,Node_6,32
2024-08-10,Node_6,39
2024-08-11,Node_6,37
2024-08-12,Node_6,19
2024-08-13,Node_6,18
2024-08-14,Node_6,17
2024-08-15,Node_6,16
2024-08-16,Node_6,35
2024-08-17,Node_6,33
2024-08-18,Node_6,31
2024-08-19,Node_6,17
2024-08-20,Node_6,15
2024-08-21,Node_6,19
2024-08-22,Node_6,19
2024-08-23,Node_6,38
2024-08-24,Node_6,35
2024-08-25,Node_6,30
2024-08-26,Node_6,15
2024-08-27,Node_6,16
2024-08-28,Node_6,22
2024-08-29,Node_6,19
2024-08-30,Node_6,31
2024-08-31,Node_6,32
2024-09-01,Node_6,35
2024-09-02,Node_6,25
2024-09-03,Node_6,21
2024-09-04,Node_6,22
2024-09-05,Node_6,17
2024-09-06,Node_6,34
2024-09-07,Node_6,32
2024-09-08,Node_6,30
2024-09-09,Node_6,18
2024-09-10,Node_6,18
2024-09-11,Node_6,15
2024-09-12,Node_6,14
2024-09-13,Node_6,39
2024-09-14,Node_6,24
2024-09-15,Node_6,34
2024-09-16,Node_6,18
2024-09-17,Node_6,20
2024-09-18,Node_6,19
2024-09-19,Node_6,15
2024-09-20,Node_6,30
2024-09-21,Node_6,34
2024-09-22,Node_6,36
2024-09-23,Node_6,20
2024-09-24,Node_6,23
2024-09-25,Node_6,20
2024-09-26,Node_6,19
2024-09-27,Node_6,27
2024-09-28,Node_6,35
2024-09-29,Node_6,33
2024-09-30,Node_6,11
2024-10-01,Node_6,17
2024-10-02,Node_6,21
2024-10-03,Node_6,15
2024-10-04,Node_6,35
2024-10-05,Node_6,32
2024-10-06,Node_6,34
2024-10-07,Node_6,17
2024-10-08,Node_6,25
2024-10-09,Node_6,21
2024-10-10,Node_6,22
2024-10-11,Node_6,35
2024-10-12,Node_6,34
2024-10-13,Node_6,35
2024-10-14,Node_6,17
2024-10-15,Node_6,19
2024-10-16,Node_6,17
2024-10-17,Node_6,17
2024-10-18,Node_6,36
2024-10-19,Node_6,40
2024-10-20,Node_6,34
2024-10-21,Node_6,16
2024-10-22,Node_6,17
2024-10-23,Node_6,15
2024-10-24,Node_6,12
2024-10-25,Node_6,31
2024-10-26,Node_6,35
2024-10-27,Node_6,33
2024-10-28,Node_6,18
2024-10-29,Node_6,18
2024-10-30,Node_6,12
2024-10-31,Node_6,18
2024-11-01,Node_6,31
2024-11-02,Node_6,34
2024-11-03,Node_6,32
2024-11-04,Node_6,15
2024-11-05,Node_6,15
2024-11-06,Node_6,20
2024-11-07,Node_6,14
2024-11-08,Node_6,29
2024-11-09,Node_6,30
2024-11-10,Node_6,33
2024-11-11,Node_6,20
2024-11-12,Node_6,20
2024-11-13,Node_6,23
2024-11-14,Node_6,15
2024-11-15,Node_6,32
2024-11-16,Node_6,34
2024-11-17,Node_6,29
2024-11-18,Node_6,22
2024-11-19,Node_6,16
2024-11-20,Node_6,18
2024-11-21,Node_6,22
2024-11-22,Node_6,30
2024-11-23,Node_6,35
2024-11-24,Node_6,39
2024-11-25,Node_6,20
2024-11-26,Node_6,19
2024-11-27,Node_6,17
2024-11-28,Node_6,18
2024-11-29,Node_6,31
2024-11-30,Node_6,35
2024-12-01,Node_6,35
2024-12-02,Node_6,24
2024-12-03,Node_6,16
2024-12-04,Node_6,22
2024-12-05,Node_6,18
2024-12-06,Node_6,37
2024-12-07,Node_6,31
2024-12-08,Node_6,35
2024-12-09,Node_6,18
2024-12-10,Node_6,16
2024-12-11,Node_6,19
2024-12-12,Node_6,20
2024-12-13,Node_6,33
2024-12-14,Node_6,30
2024-12-15,Node_6,35
2024-12-16,Node_6,19
2024-12-17,Node_6,16
2024-12-18,Node_6,22
2024-12-19,Node_6,20
2024-12-20,Node_6,28
2024-12-21,Node_6,36
2024-12-22,Node_6,32
2024-12-23,Node_6,22
2024-12-24,Node_6,13
2024-12-25,Node_6,18
2024-12-26,Node_6,23
2024-12-27,Node_6,33
2024-12-28,Node_6,33
2024-12-29,Node_6,29
2024-12-30,Node_6,16
2024-01-01,Node_7,63
2024-01-02,Node_7,59
2024-01-03,Node_7,56
2024-01-04,Node_7,60
2024-01-05,Node_7,73
2024-01-06,Node_7,76
2024-01-07,Node_7,74
2024-01-08,Node_7,57
2024-01-09,Node_7,53
2024-01-10,Node_7,60
2024-01-11,Node_7,60
2024-01-12,Node_7,73
2024-01-13,Node_7,76
2024-01-14,Node_7,75
2024-01-15,Node_7,55
2024-01-16,Node_7,54
2024-01-17,Node_7,57
2024-01-18,Node_7,56
2024-01-19,Node_7,70
2024-01-20,Node_7,72
2024-01-21,Node_7,73
2024-01-22,Node_7,55
2024-01-23,Node_7,56
2024-01-24,Node_7,54
2024-01-25,Node_7,54
2024-01-26,Node_7,76
2024-01-27,Node_7,74
2024-01-28,Node_7,74
2024-01-29,Node_7,58
2024-01-30,Node_7,57
2024-01-31,Node_7,54
2024-02-01,Node_7,57
2024-02-02,Node_7,76
2024-02-03,Node_7,71
2024-02-04,Node_7,70
2024-02-05,Node_7,64
2024-02-06,Node_7,60
2024-02-07,Node_7,55
2024-02-08,Node_7,58
2024-02-09,Node_7,69
2024-02-10,Node_7,71
2024-02-11,Node_7,77
2024-02-12,Node_7,54
2024-02-13,Node_7,60
2024-02-14,Node_7,60
2024-02-15,Node_7,58
2024-02-16,Node_7,75
2024-02-17,Node_7,70
2024-02-18,Node_7,70
2024-02-19,Node_7,58
2024-02-20,Node_7,60
2024-02-21,Node_7,59
2024-02-22,Node_7,54
2024-02-23,Node_7,73
2024-02-24,Node_7,72
2024-02-25,Node_7,80
2024-02-26,Node_7,61
2024-02-27,Node_7,56
2024-02-28,Node_7,58
2024-02-29,Node_7,58
2024-03-01,Node_7,74
2024-03-02,Node_7,72
2024-03-03,Node_7,71
2024-03-04,Node_7,59
2024-03-05,Node_7,59
2024-03-06,Node_7,63
2024-03-07,Node_7,55
2024-03-08,Node_7,70
2024-03-09,Node_7,74
2024-03-10,Node_7,72
2024-03-11,Node_7,55
2024-03-12,Node_7,55
2024-03-13,Node_7,62
2024-03-14,Node_7,61
2024-03-15,Node_7,75
2024-03-16,Node_7,75
2024-03-17,Node_7,75
2024-03-18,Node_7,56
2024-03-19,Node_7,52
2024-03-20,Node_7,59
2024-03-21,Node_7,60
2024-03-22,Node_7,68
2024-03-23,Node_7,73
2024-03-24,Node_7,69
2024-03-25,Node_7,54
2024-03-26,Node_7,59
2024-03-27,Node_7,56
2024-03-28,Node_7,61
2024-03-29,Node_7,73
2024-03-30,Node_7,80
2024-03-31,Node_7,71
2024-04-01,Node_7,55
2024-04-02,Node_7,58
2024-04-03,Node_7,57
2024-04-04,Node_7,58
2024-04-05,Node_7,71
2024-04-06,Node_7,68
2024-04-07,Node_7,74
2024-04-08,Node_7,60
2024-04-09,Node_7,55
2024-04-10,Node_7,61
2024-04-11,Node_7,57
2024-04-12,Node_7,75
2024-04-13,Node_7,76
2024-04-14,Node_7,66
2024-04-15,Node_7,53
2024-04-16,Node_7,55
2024-04-17,Node_7,50
2024-04-18,Node_7,57
2024-04-19,Node_7,74
2024-04-20,Node_7,68
2024-04-21,Node_7,76
2024-04-22,Node_7,57
2024-04-23,Node_7,55
2024-04-24,Node_7,59
2024-04-25,Node_7,54
2024-04-26,Node_7,67
2024-04-27,Node_7,69
2024-04-28,Node_7,73
2024-04-29,Node_7,57
2024-04-30,Node_7,59
2024-05-01,Node_7,55
2024-05-02,Node_7,63
2024-05-03,Node_7,76
2024-05-04,Node_7,75
2024-05-05,Node_7,77
2024-05-06,Node_7,54
2024-05-07,Node_7,58
2024-05-08,Node_7,61
2024-05-09,Node_7,56
2024-05-10,Node_7,73
2024-05-11,Node_7,79
2024-05-12,Node_7,76
2024-05-13,Node_7,60
2024-05-14,Node_7,53
2024-05-15,Node_7,53
2024-05-16,Node_7,57
2024-05-17,Node_7,66
2024-05-18,Node_7,74
2024-05-19,Node_7,73
2024-05-20,Node_7,55
2024-05-21,Node_7,54
2024-05-22,Node_7,56
2024-05-23,Node_7,58
2024-05-24,Node_7,72
2024-05-25,Node_7,67
2024-05-26,Node_7,73
2024-05-27,Node_7,59
2024-05-28,Node_7,60
2024-05-29,Node_7,58
2024-05-30,Node_7,55
2024-05-31,Node_7,69
2024-06-01,Node_7,74
2024-06-02,Node_7,75
2024-06-03,Node_7,56
2024-06-04,Node_7,59
2024-06-05,Node_7,57
2024-06-06,Node_7,52
2024-06-07,Node_7,74
2024-06-08,Node_7,70
2024-06-09,Node_7,74
2024-06-10,Node_7,56
2024-06-11,Node_7,51
2024-06-12,Node_7,57
2024-06-13,Node_7,60
2024-06-14,Node_7,79
2024-06-15,Node_7,73
2024-06-16,Node_7,72
2024-06-17,Node_7,54
2024-06-18,Node_7,56
2024-06-19,Node_7,56
2024-06-20,Node_7,56
2024-06-21,Node_7,71
2024-06-22,Node_7,76
2024-06-23,Node_7,72
2024-06-24,Node_7,64
2024-06-25,Node_7,58
2024-06-26,Node_7,58
2024-06-27,Node_7,59
2024-06-28,Node_7,80
2024-06-29,Node_7,68
2024-06-30,Node_7,77
2024-07-01,Node_7,55
2024-07-02,Node_7,52
2024-07-03,Node_7,54
2024-07-04,Node_7,55
2024-07-05,Node_7,75
2024-07-06,Node_7,73
2024-07-07,Node_7,68
2024-07-08,Node_7,58
2024-07-09,Node_7,59
2024-07-10,Node_7,57
2024-07-11,Node_7,55
2024-07-12,Node_7,74
2024-07-13,Node_7,76
2024-07-14,Node_7,70
2024-07-15,Node_7,57
2024-07-16,Node_7,63
2024-07-17,Node_7,56
2024-07-18,Node_7,61
2024-07-19,Node_7,71
2024-07-20,Node_7,74
2024-07-21,Node_7,75
2024-07-22,Node_7,61
2024-07-23,Node_7,58
2024-07-24,Node_7,58
2024-07-25,Node_7,57
2024-07-26,Node_7,74
2024-07-27,Node_7,72
2024-07-28,Node_7,70
2024-07-29,Node_7,54
2024-07-30,Node_7,56
2024-07-31,Node_7,55
2024-08-01,Node_7,56
2024-08-02,Node_7,73
2024-08-03,Node_7,71
2024-08-04,Node_7,68
2024-08-05,Node_7,57
2024-08-06,Node_7,54
2024-08-07,Node_7,63
2024-08-08,Node_7,56
2024-08-09,Node_7,74
2024-08-10,Node_7,74
2024-08-11,Node_7,74
2024-08-12,Node_7,58
2024-08-13,Node_7,58
2024-08-14,Node_7,55
2024-08-15,Node_7,59
2024-08-16,Node_7,76
2024-08-17,Node_7,72
2024-08-18,Node_7,73
2024-08-19,Node_7,56
2024-08-20,Node_7,59
2024-08-21,Node_7,60
2024-08-22,Node_7,54
2024-08-23,Node_7,72
2024-08-24,Node_7,78
2024-08-25,Node_7,70
2024-08-26,Node_7,56
2024-08-27,Node_7,57
2024-08-28,Node_7,60
2024-08-29,Node_7,62
2024-08-30,Node_7,70
2024-08-31,Node_7,70
2024-09-01,Node_7,70
2024-09-02,Node_7,59
2024-09-03,Node_7,55
2024-09-04,Node_7,59
2024-09-05,Node_7,59
2024-09-06,Node_7,72
2024-09-07,Node_7,68
2024-09-08,Node_7,73
2024-09-09,Node_7,61
2024-09-10,Node_7,57
2024-09-11,Node_7,59
2024-09-12,Node_7,56
2024-09-13,Node_7,75
2024-09-14,Node_7,73
2024-09-15,Node_7,74
2024-09-16,Node_7,54
2024-09-17,Node_7,59
2024-09-18,Node_7,52
2024-09-19,Node_7,56
2024-09-20,Node_7,68
2024-09-21,Node_7,74
2024-09-22,Node_7,72
2024-09-23,Node_7,51
2024-09-24,Node_7,53
2024-09-25,Node_7,61
2024-09-26,Node_7,59
2024-09-27,Node_7,73
2024-09-28,Node_7,77
2024-09-29,Node_7,73
2024-09-30,Node_7,60
2024-10-01,Node_7,53
2024-10-02,Node_7,53
2024-10-03,Node_7,57
2024-10-04,Node_7,71
2024-10-05,Node_7,77
2024-10-06,Node_7,73
2024-10-07,Node_7,56
2024-10-08,Node_7,57
2024-10-09,Node_7,59
2024-10-10,Node_7,54
2024-10-11,Node_7,68
2024-10-12,Node_7,73
2024-10-13,Node_7,71
2024-10-14,Node_7,59
2024-10-15,Node_7,54
2024-10-16,Node_7,56
2024-10-17,Node_7,63
2024-10-18,Node_7,65
2024-10-19,Node_7,78
2024-10-20,Node_7,76
2024-10-21,Node_7,58
2024-10-22,Node_7,56
2024-10-23,Node_7,58
2024-10-24,Node_7,54
2024-10-25,Node_7,69
2024-10-26,Node_7,68
2024-10-27,Node_7,70
2024-10-28,Node_7,52
2024-10-29,Node_7,58
2024-10-30,Node_7,60
2024-10-31,Node_7,60
2024-11-01,Node_7,74
2024-11-02,Node_7,70
2024-11-03,Node_7,73
2024-11-04,Node_7,57
2024-11-05,Node_7,54
2024-11-06,Node_7,59
2024-11-07,Node_7,57
2024-11-08,Node_7,76
2024-11-09,Node_7,75
2024-11-10,Node_7,75
2024-11-11,Node_7,56
2024-11-12,Node_7,59
2024-11-13,Node_7,58
2024-11-14,Node_7,60
2024-11-15,Node_7,72
2024-11-16,Node_7,75
2024-11-17,Node_7,76
2024-11-18,Node_7,58
2024-11-19,Node_7,60
2024-11-20,Node_7,60
2024-11-21,Node_7,55
2024-11-22,Node_7,69
2024-11-23,Node_7,72
2024-11-24,Node_7,74
2024-11-25,Node_7,58
2024-11-26,Node_7,57
2024-11-27,Node_7,59
2024-11-28,Node_7,61
2024-11-29,Node_7,70
2024-11-30,Node_7,76
2024-12-01,Node_7,74
2024-12-02,Node_7,52
2024-12-03,Node_7,55
2024-12-04,Node_7,59
2024-12-05,Node_7,61
2024-12-06,Node_7,76
2024-12-07,Node_7,71
2024-12-08,Node_7,70
2024-12-09,Node_7,56
2024-12-10,Node_7,61
2024-12-11,Node_7,57
2024-12-12,Node_7,57
2024-12-13,Node_7,77
2024-12-14,Node_7,73
2024-12-15,Node_7,70
2024-12-16,Node_7,62
2024-12-17,Node_7,57
2024-12-18,Node_7,59
2024-12-19,Node_7,56
2024-12-20,Node_7,73
2024-12-21,Node_7,74
2024-12-22,Node_7,75
2024-12-23,Node_7,60
2024-12-24,Node_7,53
2024-12-25,Node_7,56
2024-12-26,Node_7,56
2024-12-27,Node_7,69
2024-12-28,Node_7,78
2024-12-29,Node_7,73
2024-12-30,Node_7,60
2024-01-01,Node_8,19
2024-01-02,Node_8,18
2024-01-03,Node_8,18
2024-01-04,Node_8,24
2024-01-05,Node_8,32
2024-01-06,Node_8,31
2024-01-07,Node_8,31
2024-01-08,Node_8,22
2024-01-09,Node_8,18
2024-01-10,Node_8,16
2024-01-11,Node_8,19
2024-01-12,Node_8,29
2024-01-13,Node_8,33
2024-01-14,Node_8,31
2024-01-15,Node_8,21
2024-01-16,Node_8,19
2024-01-17,Node_8,13
2024-01-18,Node_8,13
2024-01-19,Node_8,32
2024-01-20,Node_8,35
2024-01-21,Node_8,32
2024-01-22,Node_8,22
2024-01-23,Node_8,18
2024-01-24,Node_8,20
2024-01-25,Node_8,20
2024-01-26,Node_8,34
2024-01-27,Node_8,34
2024-01-28,Node_8,34
2024-01-29,Node_8,20
2024-01-30,Node_8,17
2024-01-31,Node_8,21
2024-02-01,Node_8,20
2024-02-02,Node_8,31
2024-02-03,Node_8,31
2024-02-04,Node_8,35
2024-02-05,Node_8,12
2024-02-06,Node_8,25
2024-02-07,Node_8,19
2024-02-08,Node_8,20
2024-02-09,Node_8,34
2024-02-10,Node_8,33
2024-02-11,Node_8,28
2024-02-12,Node_8,19
2024-02-13,Node_8,19
2024-02-14,Node_8,15
2024-02-15,Node_8,24
2024-02-16,Node_8,30
2024-02-17,Node_8,35
2024-02-18,Node_8,33
2024-02-19,Node_8,18
2024-02-20,Node_8,18
2024-02-21,Node_8,25
2024-02-22,Node_8,20
2024-02-23,Node_8,32
2024-02-24,Node_8,32
2024-02-25,Node_8,29
2024-02-26,Node_8,19
2024-02-27,Node_8,20
2024-02-28,Node_8,17
2024-02-29,Node_8,16
2024-03-01,Node_8,33
2024-03-02,Node_8,34
2024-03-03,Node_8,36
2024-03-04,Node_8,17
2024-03-05,Node_8,22
2024-03-06,Node_8,16
2024-03-07,Node_8,22
2024-03-08,Node_8,30
2024-03-09,Node_8,37
2024-03-10,Node_8,32
2024-03-11,Node_8,18
2024-03-12,Node_8,16
2024-03-13,Node_8,20
2024-03-14,Node_8,21
2024-03-15,Node_8,34
2024-03-16,Node_8,36
2024-03-17,Node_8,37
2024-03-18,Node_8,18
2024-03-19,Node_8,22
2024-03-20,Node_8,18
2024-03-21,Node_8,17
2024-03-22,Node_8,33
2024-03-23,Node_8,31
2024-03-24,Node_8,37
2024-03-25,Node_8,18
2024-03-26,Node_8,14
2024-03-27,Node_8,17
2024-03-28,Node_8,17
2024-03-29,Node_8,38
2024-03-30,Node_8,34
2024-03-31,Node_8,28
2024-04-01,Node_8,23
2024-04-02,Node_8,21
2024-04-03,Node_8,16
2024-04-04,Node_8,23
2024-04-05,Node_8,35
2024-04-06,Node_8,35
2024-04-07,Node_8,34
2024-04-08,Node_8,14
2024-04-09,Node_8,19
2024-04-10,Node_8,18
2024-04-11,Node_8,19
2024-04-12,Node_8,33
2024-04-13,Node_8,35
2024-04-14,Node_8,38
2024-04-15,Node_8,16
2024-04-16,Node_8,16
2024-04-17,Node_8,19
2024-04-18,Node_8,22
2024-04-19,Node_8,33
2024-04-20,Node_8,32
2024-04-21,Node_8,37
2024-04-22,Node_8,18
2024-04-23,Node_8,18
2024-04-24,Node_8,16
2024-04-25,Node_8,21
2024-04-26,Node_8,28
2024-04-27,Node_8,36
2024-04-28,Node_8,34
2024-04-29,Node_8,17
2024-04-30,Node_8,20
2024-05-01,Node_8,14
2024-05-02,Node_8,20
2024-05-03,Node_8,31
2024-05-04,Node_8,33
2024-05-05,Node_8,35
2024-05-06,Node_8,19
2024-05-07,Node_8,17
2024-05-08,Node_8,22
2024-05-09,Node_8,16
2024-05-10,Node_8,34
2024-05-11,Node_8,32
2024-05-12,Node_8,36
2024-05-13,Node_8,18
2024-05-14,Node_8,17
2024-05-15,Node_8,21
2024-05-16,Node_8,19
2024-05-17,Node_8,30
2024-05-18,Node_8,34
2024-05-19,Node_8,29
2024-05-20,Node_8,22
2024-05-21,Node_8,21
2024-05-22,Node_8,15
2024-05-23,Node_8,24
2024-05-24,Node_8,39
2024-05-25,Node_8,36
2024-05-26,Node_8,28
2024-05-27,Node_8,18
2024-05-28,Node_8,17
2024-05-29,Node_8,19
2024-05-30,Node_8,16
2024-05-31,Node_8,35
2024-06-01,Node_8,38
2024-06-02,Node_8,36
2024-06-03,Node_8,24
2024-06-04,Node_8,16
2024-06-05,Node_8,13
2024-06-06,Node_8,25
2024-06-07,Node_8,32
2024-06-08,Node_8,31
2024-06-09,Node_8,34
2024-06-10,Node_8,18
2024-06-11,Node_8,17
2024-06-12,Node_8,17
2024-06-13,Node_8,18
2024-06-14,Node_8,33
2024-06-15,Node_8,31
2024-06-16,Node_8,33
2024-06-17,Node_8,20
2024-06-18,Node_8,12
2024-06-19,Node_8,22
2024-06-20,Node_8,18
2024-06-21,Node_8,29
2024-06-22,Node_8,36
2024-06-23,Node_8,28
2024-06-24,Node_8,18
2024-06-25,Node_8,19
2024-06-26,Node_8,20
2024-06-27,Node_8,24
2024-06-28,Node_8,31
2024-06-29,Node_8,34
2024-06-30,Node_8,30
2024-07-01,Node_8,18
2024-07-02,Node_8,20
2024-07-03,Node_8,21
2024-07-04,Node_8,16
2024-07-05,Node_8,38
2024-07-06,Node_8,34
2024-07-07,Node_8,34
2024-07-08,Node_8,23
2024-07-09,Node_8,21
2024-07-10,Node_8,19
2024-07-11,Node_8,21
2024-07-12,Node_8,32
2024-07-13,Node_8,31
2024-07-14,Node_8,35
2024-07-15,Node_8,16
2024-07-16,Node_8,17
2024-07-17,Node_8,18
2024-07-18,Node_8,19
2024-07-19,Node_8,35
2024-07-20,Node_8,37
2024-07-21,Node_8,33
2024-07-22,Node_8,10
2024-07-23,Node_8,17
2024-07-24,Node_8,18
2024-07-25,Node_8,18
2024-07-26,Node_8,29
2024-07-27,Node_8,34
2024-07-28,Node_8,32
2024-07-29,Node_8,10
2024-07-30,Node_8,19
2024-07-31,Node_8,15
2024-08-01,Node_8,20
2024-08-02,Node_8,39
2024-08-03,Node_8,35
2024-08-04,Node_8,36
2024-08-05,Node_8,17
2024-08-06,Node_8,17
2024-08-07,Node_8,19
2024-08-08,Node_8,17
2024-08-09,Node_8,36
2024-08-10,Node_8,31
2024-08-11,Node_8,34
2024-08-12,Node_8,17
2024-08-13,Node_8,21
2024-08-14,Node_8,21
2024-08-15,Node_8,22
2024-08-16,Node_8,29
2024-08-17,Node_8,37
2024-08-18,Node_8,28
2024-08-19,Node_8,10
2024-08-20,Node_8,18
2024-08-21,Node_8,15
2024-08-22,Node_8,21
2024-08-23,Node_8,33
2024-08-24,Node_8,37
2024-08-25,Node_8,39
2024-08-26,Node_8,19
2024-08-27,Node_8,16
2024-08-28,Node_8,17
2024-08-29,Node_8,21
2024-08-30,Node_8,32
2024-08-31,Node_8,29
2024-09-01,Node_8,36
2024-09-02,Node_8,17
2024-09-03,Node_8,21
2024-09-04,Node_8,15
2024-09-05,Node_8,20
2024-09-06,Node_8,33
2024-09-07,Node_8,33
2024-09-08,Node_8,33
2024-09-09,Node_8,18
2024-09-10,Node_8,21
2024-09-11,Node_8,18
2024-09-12,Node_8,18
2024-09-13,Node_8,30
2024-09-14,Node_8,35
2024-09-15,Node_8,30
2024-09-16,Node_8,24
2024-09-17,Node_8,22
2024-09-18,Node_8,24
2024-09-19,Node_8,19
2024-09-20,Node_8,33
2024-09-21,Node_8,36
2024-09-22,Node_8,33
2024-09-23,Node_8,23
2024-09-24,Node_8,17
2024-09-25,Node_8,17
2024-09-26,Node_8,16
2024-09-27,Node_8,33
2024-09-28,Node_8,29
2024-09-29,Node_8,31
2024-09-30,Node_8,19
2024-10-01,Node_8,16
2024-10-02,Node_8,16
2024-10-03,Node_8,16
2024-10-04,Node_8,35
2024-10-05,Node_8,40
2024-10-06,Node_8,32
2024-10-07,Node_8,20
2024-10-08,Node_8,20
2024-10-09,Node_8,18
2024-10-10,Node_8,20
2024-10-11,Node_8,29
2024-10-12,Node_8,37
2024-10-13,Node_8,37
2024-10-14,Node_8,20
2024-10-15,Node_8,18
2024-10-16,Node_8,22
2024-10-17,Node_8,19
2024-10-18,Node_8,34
2024-10-19,Node_8,34
2024-10-20,Node_8,35
2024-10-21,Node_8,21
2024-10-22,Node_8,17
2024-10-23,Node_8,19
2024-10-24,Node_8,20
2024-10-25,Node_8,35
2024-10-26,Node_8,36
2024-10-27,Node_8,34
2024-10-28,Node_8,20
2024-10-29,Node_8,17
2024-10-30,Node_8,17
2024-10-31,Node_8,20
2024-11-01,Node_8,31
2024-11-02,Node_8,32
2024-11-03,Node_8,33
2024-11-04,Node_8,23
2024-11-05,Node_8,20
2024-11-06,Node_8,21
2024-11-07,Node_8,19
2024-11-08,Node_8,29
2024-11-09,Node_8,34
2024-11-10,Node_8,31
2024-11-11,Node_8,18
2024-11-12,Node_8,22
2024-11-13,Node_8,19
2024-11-14,Node_8,17
2024-11-15,Node_8,30
2024-11-16,Node_8,34
2024-11-17,Node_8,34
2024-11-18,Node_8,16
2024-11-19,Node_8,23
2024-11-20,Node_8,16
2024-11-21,Node_8,17
2024-11-22,Node_8,30
2024-11-23,Node_8,38
2024-11-24,Node_8,35
2024-11-25,Node_8,16
2024-11-26,Node_8,22
2024-11-27,Node_8,17
2024-11-28,Node_8,20
2024-11-29,Node_8,33
2024-11-30,Node_8,30
2024-12-01,Node_8,35
2024-12-02,Node_8,20
2024-12-03,Node_8,17
2024-12-04,Node_8,21
2024-12-05,Node_8,19
2024-12-06,Node_8,35
2024-12-07,Node_8,33
2024-12-08,Node_8,29
2024-12-09,Node_8,19
2024-12-10,Node_8,19
2024-12-11,Node_8,21
2024-12-12,Node_8,22
2024-12-13,Node_8,29
2024-12-14,Node_8,39
2024-12-15,Node_8,32
2024-12-16,Node_8,17
2024-12-17,Node_8,20
2024-12-18,Node_8,24
2024-12-19,Node_8,16
2024-12-20,Node_8,37
2024-12-21,Node_8,38
2024-12-22,Node_8,28
2024-12-23,Node_8,20
2024-12-24,Node_8,16
2024-12-25,Node_8,16
2024-12-26,Node_8,21
2024-12-27,Node_8,28
2024-12-28,Node_8,31
2024-12-29,Node_8,35
2024-12-30,Node_8,18
2024-01-01,Node_9,40
2024-01-02,Node_9,30
2024-01-03,Node_9,37
2024-01-04,Node_9,36
2024-01-05,Node_9,50
2024-01-06,Node_9,51
2024-01-07,Node_9,59
2024-01-08,Node_9,42
2024-01-09,Node_9,37
2024-01-10,Node_9,34
2024-01-11,Node_9,33
2024-01-12,Node_9,56
2024-01-13,Node_9,52
2024-01-14,Node_9,53
2024-01-15,Node_9,40
2024-01-16,Node_9,39
2024-01-17,Node_9,39
2024-01-18,Node_9,45
2024-01-19,Node_9,51
2024-01-20,Node_9,57
2024-01-21,Node_9,53
2024-01-22,Node_9,41
2024-01-23,Node_9,37
2024-01-24,Node_9,37
2024-01-25,Node_9,37
2024-01-26,Node_9,56
2024-01-27,Node_9,52
2024-01-28,Node_9,58
2024-01-29,Node_9,38
2024-01-30,Node_9,37
2024-01-31,Node_9,38
2024-02-01,Node_9,35
2024-02-02,Node_9,52
2024-02-03,Node_9,55
2024-02-04,Node_9,51
2024-02-05,Node_9,32
2024-02-06,Node_9,39
2024-02-07,Node_9,38
2024-02-08,Node_9,40
2024-02-09,Node_9,49
2024-02-10,Node_9,53
2024-02-11,Node_9,54
2024-02-12,Node_9,37
2024-02-13,Node_9,40
2024-02-14,Node_9,42
2024-02-15,Node_9,40
2024-02-16,Node_9,62
2024-02-17,Node_9,58
2024-02-18,Node_9,52
2024-02-19,Node_9,40
2024-02-20,Node_9,39
2024-02-21,Node_9,36
2024-02-22,Node_9,41
2024-02-23,Node_9,56
2024-02-24,Node_9,55
2024-02-25,Node_9,55
2024-02-26,Node_9,46
2024-02-27,Node_9,38
2024-02-28,Node_9,39
2024-02-29,Node_9,40
2024-03-01,Node_9,52
2024-03-02,Node_9,53
2024-03-03,Node_9,57
2024-03-04,Node_9,36
2024-03-05,Node_9,36
2024-03-06,Node_9,38
2024-03-07,Node_9,36
2024-03-08,Node_9,55
2024-03-09,Node_9,62
2024-03-10,Node_9,56
2024-03-11,Node_9,35
2024-03-12,Node_9,33
2024-03-13,Node_9,35
2024-03-14,Node_9,36
2024-03-15,Node_9,51
2024-03-16,Node_9,50
2024-03-17,Node_9,51
2024-03-18,Node_9,39
2024-03-19,Node_9,43
2024-03-20,Node_9,40
2024-03-21,Node_9,33
2024-03-22,Node_9,53
2024-03-23,Node_9,49
2024-03-24,Node_9,56
2024-03-25,Node_9,45
2024-03-26,Node_9,40
2024-03-27,Node_9,36
2024-03-28,Node_9,41
2024-03-29,Node_9,51
2024-03-30,Node_9,56
2024-03-31,Node_9,52
2024-04-01,Node_9,38
2024-04-02,Node_9,35
2024-04-03,Node_9,34
2024-04-04,Node_9,35
2024-04-05,Node_9,54
2024-04-06,Node_9,53
2024-04-07,Node_9,53
2024-04-08,Node_9,37
2024-04-09,Node_9,39
2024-04-10,Node_9,39
2024-04-11,Node_9,41
2024-04-12,Node_9,54
2024-04-13,Node_9,51
2024-04-14,Node_9,55
2024-04-15,Node_9,38
2024-04-16,Node_9,40
2024-04-17,Node_9,38
2024-04-18,Node_9,40
2024-04-19,Node_9,52
2024-04-20,Node_9,59
2024-04-21,Node_9,49
2024-04-22,Node_9,39
2024-04-23,Node_9,37
2024-04-24,Node_9,38
2024-04-25,Node_9,39
2024-04-26,Node_9,50
2024-04-27,Node_9,53
2024-04-28,Node_9,56
2024-04-29,Node_9,43
2024-04-30,Node_9,39
2024-05-01,Node_9,36
2024-05-02,Node_9,39
2024-05-03,Node_9,55
2024-05-04,Node_9,53
2024-05-05,Node_9,54
2024-05-06,Node_9,42
2024-05-07,Node_9,42
2024-05-08,Node_9,38
2024-05-09,Node_9,42
2024-05-10,Node_9,52
2024-05-11,Node_9,54
2024-05-12,Node_9,54
2024-05-13,Node_9,38
2024-05-14,Node_9,37
2024-05-15,Node_9,37
2024-05-16,Node_9,40
2024-05-17,Node_9,47
2024-05-18,Node_9,51
2024-05-19,Node_9,53
2024-05-20,Node_9,40
2024-05-21,Node_9,33
2024-05-22,Node_9,43
2024-05-23,Node_9,40
2024-05-24,Node_9,53
2024-05-25,Node_9,53
2024-05-26,Node_9,61
2024-05-27,Node_9,43
2024-05-28,Node_9,42
2024-05-29,Node_9,42
2024-05-30,Node_9,39
2024-05-31,Node_9,58
2024-06-01,Node_9,54
2024-06-02,Node_9,53
2024-06-03,Node_9,34
2024-06-04,Node_9,35
2024-06-05,Node_9,40
2024-06-06,Node_9,41
2024-06-07,Node_9,57
2024-06-08,Node_9,53
2024-06-09,Node_9,52
2024-06-10,Node_9,41
2024-06-11,Node_9,36
2024-06-12,Node_9,40
2024-06-13,Node_9,39
2024-06-14,Node_9,53
2024-06-15,Node_9,56
2024-06-16,Node_9,53
2024-06-17,Node_9,35
2024-06-18,Node_9,36
2024-06-19,Node_9,39
2024-06-20,Node_9,33
2024-06-21,Node_9,49
2024-06-22,Node_9,56
2024-06-23,Node_9,53
2024-06-24,Node_9,39
2024-06-25,Node_9,41
2024-06-26,Node_9,37
2024-06-27,Node_9,43
2024-06-28,Node_9,53
2024-06-29,Node_9,53
2024-06-30,Node_9,53
2024-07-01,Node_9,38
2024-07-02,Node_9,35
2024-07-03,Node_9,34
2024-07-04,Node_9,37
2024-07-05,Node_9,53
2024-07-06,Node_9,52
2024-07-07,Node_9,53
2024-07-08,Node_9,35
2024-07-09,Node_9,35
2024-07-10,Node_9,39
2024-07-11,Node_9,41
2024-07-12,Node_9,49
2024-07-13,Node_9,52
2024-07-14,Node_9,58
2024-07-15,Node_9,35
2024-07-16,Node_9,42
2024-07-17,Node_9,37
2024-07-18,Node_9,40
2024-07-19,Node_9,55
2024-07-20,Node_9,57
2024-07-21,Node_9,57
2024-07-22,Node_9,38
2024-07-23,Node_9,40
2024-07-24,Node_9,40
2024-07-25,Node_9,42
2024-07-26,Node_9,54
2024-07-27,Node_9,55
2024-07-28,Node_9,55
2024-07-29,Node_9,40
2024-07-30,Node_9,37
2024-07-31,Node_9,34
2024-08-01,Node_9,40
2024-08-02,Node_9,53
2024-08-03,Node_9,58
2024-08-04,Node_9,56
2024-08-05,Node_9,40
2024-08-06,Node_9,40
2024-08-07,Node_9,41
2024-08-08,Node_9,41
2024-08-09,Node_9,54
2024-08-10,Node_9,54
2024-08-11,Node_9,53
2024-08-12,Node_9,40
2024-08-13,Node_9,41
2024-08-14,Node_9,42
2024-08-15,Node_9,39
2024-08-16,Node_9,59
2024-08-17,Node_9,53
2024-08-18,Node_9,51
2024-08-19,Node_9,40
2024-08-20,Node_9,41
2024-08-21,Node_9,40
2024-08-22,Node_9,35
2024-08-23,Node_9,57
2024-08-24,Node_9,55
2024-08-25,Node_9,52
2024-08-26,Node_9,40
2024-08-27,Node_9,36
2024-08-28,Node_9,40
2024-08-29,Node_9,36
2024-08-30,Node_9,55
2024-08-31,Node_9,55
2024-09-01,Node_9,58
2024-09-02,Node_9,31
2024-09-03,Node_9,40
2024-09-04,Node_9,42
2024-09-05,Node_9,42
2024-09-06,Node_9,52
2024-09-07,Node_9,48
2024-09-08,Node_9,57
2024-09-09,Node_9,38
2024-09-10,Node_9,42
2024-09-11,Node_9,37
2024-09-12,Node_9,41
2024-09-13,Node_9,57
2024-09-14,Node_9,50
2024-09-15,Node_9,55
2024-09-16,Node_9,36
2024-09-17,Node_9,34
2024-09-18,Node_9,36
2024-09-19,Node_9,35
2024-09-20,Node_9,58
2024-09-21,Node_9,59
2024-09-22,Node_9,51
2024-09-23,Node_9,35
2024-09-24,Node_9,35
2024-09-25,Node_9,39
2024-09-26,Node_9,39
2024-09-27,Node_9,55
2024-09-28,Node_9,55
2024-09-29,Node_9,53
2024-09-30,Node_9,42
2024-10-01,Node_9,35
2024-10-02,Node_9,44
2024-10-03,Node_9,32
2024-10-04,Node_9,53
2024-10-05,Node_9,57
2024-10-06,Node_9,52
2024-10-07,Node_9,41
2024-10-08,Node_9,36
2024-10-09,Node_9,42
2024-10-10,Node_9,40
2024-10-11,Node_9,57
2024-10-12,Node_9,50
2024-10-13,Node_9,51
2024-10-14,Node_9,37
2024-10-15,Node_9,40
2024-10-16,Node_9,38
2024-10-17,Node_9,34
2024-10-18,Node_9,57
2024-10-19,Node_9,51
2024-10-20,Node_9,51
2024-10-21,Node_9,35
2024-10-22,Node_9,41
2024-10-23,Node_9,38
2024-10-24,Node_9,43
2024-10-25,Node_9,55
2024-10-26,Node_9,50
2024-10-27,Node_9,58
2024-10-28,Node_9,37
2024-10-29,Node_9,43
2024-10-30,Node_9,37
2024-10-31,Node_9,39
2024-11-01,Node_9,54
2024-11-02,Node_9,53
2024-11-03,Node_9,48
2024-11-04,Node_9,40
2024-11-05,Node_9,35
2024-11-06,Node_9,41
2024-11-07,Node_9,38
2024-11-08,Node_9,51
2024-11-09,Node_9,52
2024-11-10,Node_9,51
2024-11-11,Node_9,31
2024-11-12,Node_9,39
2024-11-13,Node_9,38
2024-11-14,Node_9,42
2024-11-15,Node_9,52
2024-11-16,Node_9,52
2024-11-17,Node_9,51
2024-11-18,Node_9,45
2024-11-19,Node_9,36
2024-11-20,Node_9,41
2024-11-21,Node_9,44
2024-11-22,Node_9,57
2024-11-23,Node_9,54
2024-11-24,Node_9,51
2024-11-25,Node_9,39
2024-11-26,Node_9,38
2024-11-27,Node_9,38
2024-11-28,Node_9,37
2024-11-29,Node_9,56
2024-11-30,Node_9,56
2024-12-01,Node_9,50
2024-12-02,Node_9,36
2024-12-03,Node_9,41
2024-12-04,Node_9,38
2024-12-05,Node_9,36
2024-12-06,Node_9,54
2024-12-07,Node_9,50
2024-12-08,Node_9,58
2024-12-09,Node_9,37
2024-12-10,Node_9,39
2024-12-11,Node_9,39
2024-12-12,Node_9,37
2024-12-13,Node_9,53
2024-12-14,Node_9,55
2024-12-15,Node_9,53
2024-12-16,Node_9,34
2024-12-17,Node_9,35
2024-12-18,Node_9,37
2024-12-19,Node_9,35
2024-12-20,Node_9,53
2024-12-21,Node_9,49
2024-12-22,Node_9,53
2024-12-23,Node_9,36
2024-12-24,Node_9,40
2024-12-25,Node_9,37
2024-12-26,Node_9,38
2024-12-27,Node_9,51
2024-12-28,Node_9,52
2024-12-29,Node_9,51
2024-12-30,Node_9,37
2024-01-01,Node_10,21
2024-01-02,Node_10,16
2024-01-03,Node_10,19
2024-01-04,Node_10,17
2024-01-05,Node_10,34
2024-01-06,Node_10,28
2024-01-07,Node_10,31
2024-01-08,Node_10,17
2024-01-09,Node_10,16
2024-01-10,Node_10,16
2024-01-11,Node_10,21
2024-01-12,Node_10,33
2024-01-13,Node_10,30
2024-01-14,Node_10,36
2024-01-15,Node_10,15
2024-01-16,Node_10,13
2024-01-17,Node_10,13
2024-01-18,Node_10,15
2024-01-19,Node_10,34
2024-01-20,Node_10,30
2024-01-21,Node_10,31
2024-01-22,Node_10,15
2024-01-23,Node_10,18
2024-01-24,Node_10,20
2024-01-25,Node_10,18
2024-01-26,Node_10,32
2024-01-27,Node_10,34
2024-01-28,Node_10,32
2024-01-29,Node_10,12
2024-01-30,Node_10,18
2024-01-31,Node_10,18
2024-02-01,Node_10,14
2024-02-02,Node_10,30
2024-02-03,Node_10,34
2024-02-04,Node_10,30
2024-02-05,Node_10,14
2024-02-06,Node_10,14
2024-02-07,Node_10,12
2024-02-08,Node_10,19
2024-02-09,Node_10,30
2024-02-10,Node_10,27
2024-02-11,Node_10,23
2024-02-12,Node_10,16
2024-02-13,Node_10,19
2024-02-14,Node_10,19
2024-02-15,Node_10,16
2024-02-16,Node_10,32
2024-02-17,Node_10,35
2024-02-18,Node_10,37
2024-02-19,Node_10,21
2024-02-20,Node_10,18
2024-02-21,Node_10,18
2024-02-22,Node_10,24
2024-02-23,Node_10,27
2024-02-24,Node_10,30
2024-02-25,Node_10,30
2024-02-26,Node_10,18
2024-02-27,Node_10,11
2024-02-28,Node_10,15
2024-02-29,Node_10,21
2024-03-01,Node_10,31
2024-03-02,Node_10,27
2024-03-03,Node_10,33
2024-03-04,Node_10,19
2024-03-05,Node_10,19
2024-03-06,Node_10,19
2024-03-07,Node_10,19
2024-03-08,Node_10,35
2024-03-09,Node_10,26
2024-03-10,Node_10,32
2024-03-11,Node_10,11
2024-03-12,Node_10,14
2024-03-13,Node_10,17
2024-03-14,Node_10,11
2024-03-15,Node_10,31
2024-03-16,Node_10,30
2024-03-17,Node_10,30
2024-03-18,Node_10,16
2024-03-19,Node_10,15
2024-03-20,Node_10,19
2024-03-21,Node_10,16
2024-03-22,Node_10,33
2024-03-23,Node_10,26
2024-03-24,Node_10,30
2024-03-25,Node_10,19
2024-03-26,Node_10,12
2024-03-27,Node_10,15
2024-03-28,Node_10,16
2024-03-29,Node_10,33
2024-03-30,Node_10,30
2024-03-31,Node_10,37
2024-04-01,Node_10,16
2024-04-02,Node_10,15
2024-04-03,Node_10,20
2024-04-04,Node_10,11
2024-04-05,Node_10,35
2024-04-06,Node_10,34
2024-04-07,Node_10,31
2024-04-08,Node_10,17
2024-04-09,Node_10,12
2024-04-10,Node_10,15
2024-04-11,Node_10,16
2024-04-12,Node_10,31
2024-04-13,Node_10,33
2024-04-14,Node_10,36
2024-04-15,Node_10,12
2024-04-16,Node_10,17
2024-04-17,Node_10,13
2024-04-18,Node_10,16
2024-04-19,Node_10,28
2024-04-20,Node_10,33
2024-04-21,Node_10,29
2024-04-22,Node_10,18
2024-04-23,Node_10,12
2024-04-24,Node_10,16
2024-04-25,Node_10,17
2024-04-26,Node_10,31
2024-04-27,Node_10,27
2024-04-28,Node_10,34
2024-04-29,Node_10,17
2024-04-30,Node_10,16
2024-05-01,Node_10,16
2024-05-02,Node_10,14
2024-05-03,Node_10,35
2024-05-04,Node_10,35
2024-05-05,Node_10,27
2024-05-06,Node_10,18
2024-05-07,Node_10,19
2024-05-08,Node_10,15
2024-05-09,Node_10,13
2024-05-10,Node_10,36
2024-05-11,Node_10,34
2024-05-12,Node_10,33
2024-05-13,Node_10,23
2024-05-14,Node_10,14
2024-05-15,Node_10,16
2024-05-16,Node_10,15
2024-05-17,Node_10,33
2024-05-18,Node_10,27
2024-05-19,Node_10,34
2024-05-20,Node_10,11
2024-05-21,Node_10,17
2024-05-22,Node_10,17
2024-05-23,Node_10,12
2024-05-24,Node_10,28
2024-05-25,Node_10,33
2024-05-26,Node_10,30
2024-05-27,Node_10,11
2024-05-28,Node_10,14
2024-05-29,Node_10,21
2024-05-30,Node_10,16
2024-05-31,Node_10,33
2024-06-01,Node_10,36
2024-06-02,Node_10,32
2024-06-03,Node_10,18
2024-06-04,Node_10,14
2024-06-05,Node_10,16
2024-06-06,Node_10,12
2024-06-07,Node_10,35
2024-06-08,Node_10,40
2024-06-09,Node_10,31
2024-06-10,Node_10,18
2024-06-11,Node_10,19
2024-06-12,Node_10,18
2024-06-13,Node_10,18
2024-06-14,Node_10,33
2024-06-15,Node_10,25
2024-06-16,Node_10,33
2024-06-17,Node_10,15
2024-06-18,Node_10,15
2024-06-19,Node_10,20
2024-06-20,Node_10,15
2024-06-21,Node_10,28
2024-06-22,Node_10,31
2024-06-23,Node_10,32
2024-06-24,Node_10,16
2024-06-25,Node_10,20
2024-06-26,Node_10,18
2024-06-27,Node_10,20
2024-06-28,Node_10,28
2024-06-29,Node_10,32
2024-06-30,Node_10,27
2024-07-01,Node_10,18
2024-07-02,Node_10,15
2024-07-03,Node_10,16
2024-07-04,Node_10,15
2024-07-05,Node_10,31
2024-07-06,Node_10,32
2024-07-07,Node_10,35
2024-07-08,Node_10,17
2024-07-09,Node_10,12
2024-07-10,Node_10,17
2024-07-11,Node_10,18
2024-07-12,Node_10,30
2024-07-13,Node_10,30
2024-07-14,Node_10,32
2024-07-15,Node_10,19
2024-07-16,Node_10,15
2024-07-17,Node_10,18
2024-07-18,Node_10,9
2024-07-19,Node_10,34
2024-07-20,Node_10,30
2024-07-21,Node_10,32
2024-07-22,Node_10,17
2024-07-23,Node_10,22
2024-07-24,Node_10,22
2024-07-25,Node_10,19
2024-07-26,Node_10,26
2024-07-27,Node_10,31
2024-07-28,Node_10,36
2024-07-29,Node_10,13
2024-07-30,Node_10,14
2024-07-31,Node_10,16
2024-08-01,Node_10,18
2024-08-02,Node_10,28
2024-08-03,Node_10,33
2024-08-04,Node_10,35
2024-08-05,Node_10,23
2024-08-06,Node_10,18
2024-08-07,Node_10,14
2024-08-08,Node_10,16
2024-08-09,Node_10,31
2024-08-10,Node_10,27
2024-08-11,Node_10,38
2024-08-12,Node_10,17
2024-08-13,Node_10,18
2024-08-14,Node_10,12
2024-08-15,Node_10,15
2024-08-16,Node_10,35
2024-08-17,Node_10,37
2024-08-18,Node_10,32
2024-08-19,Node_10,23
2024-08-20,Node_10,16
2024-08-21,Node_10,21
2024-08-22,Node_10,18
2024-08-23,Node_10,35
2024-08-24,Node_10,34
2024-08-25,Node_10,31
2024-08-26,Node_10,15
2024-08-27,Node_10,23
2024-08-28,Node_10,16
2024-08-29,Node_10,11
2024-08-30,Node_10,33
2024-08-31,Node_10,34
2024-09-01,Node_10,31
2024-09-02,Node_10,14
2024-09-03,Node_10,9
2024-09-04,Node_10,11
2024-09-05,Node_10,17
2024-09-06,Node_10,29
2024-09-07,Node_10,31
2024-09-08,Node_10,33
2024-09-09,Node_10,21
2024-09-10,Node_10,16
2024-09-11,Node_10,16
2024-09-12,Node_10,18
2024-09-13,Node_10,28
2024-09-14,Node_10,30
2024-09-15,Node_10,33
2024-09-16,Node_10,9
2024-09-17,Node_10,15
2024-09-18,Node_10,15
2024-09-19,Node_10,13
2024-09-20,Node_10,37
2024-09-21,Node_10,35
2024-09-22,Node_10,36
2024-09-23,Node_10,22
2024-09-24,Node_10,17
2024-09-25,Node_10,15
2024-09-26,Node_10,19
2024-09-27,Node_10,33
2024-09-28,Node_10,27
2024-09-29,Node_10,31
2024-09-30,Node_10,19
2024-10-01,Node_10,19
2024-10-02,Node_10,19
2024-10-03,Node_10,15
2024-10-04,Node_10,31
2024-10-05,Node_10,33
2024-10-06,Node_10,33
2024-10-07,Node_10,15
2024-10-08,Node_10,7
2024-10-09,Node_10,18
2024-10-10,Node_10,21
2024-10-11,Node_10,32
2024-10-12,Node_10,31
2024-10-13,Node_10,31
2024-10-14,Node_10,14
2024-10-15,Node_10,19
2024-10-16,Node_10,18
2024-10-17,Node_10,11
2024-10-18,Node_10,34
2024-10-19,Node_10,30
2024-10-20,Node_10,32
2024-10-21,Node_10,23
2024-10-22,Node_10,22
2024-10-23,Node_10,16
2024-10-24,Node_10,16
2024-10-25,Node_10,35
2024-10-26,Node_10,27
2024-10-27,Node_10,30
2024-10-28,Node_10,13
2024-10-29,Node_10,18
2024-10-30,Node_10,21
2024-10-31,Node_10,22
2024-11-01,Node_10,35
2024-11-02,Node_10,28
2024-11-03,Node_10,34
2024-11-04,Node_10,13
2024-11-05,Node_10,17
2024-11-06,Node_10,15
2024-11-07,Node_10,17
2024-11-08,Node_10,34
2024-11-09,Node_10,29
2024-11-10,Node_10,31
2024-11-11,Node_10,15
2024-11-12,Node_10,14
2024-11-13,Node_10,13
2024-11-14,Node_10,15
2024-11-15,Node_10,35
2024-11-16,Node_10,34
2024-11-17,Node_10,29
2024-11-18,Node_10,14
2024-11-19,Node_10,13
2024-11-20,Node_10,13
2024-11-21,Node_10,17
2024-11-22,Node_10,28
2024-11-23,Node_10,30
2024-11-24,Node_10,34
2024-11-25,Node_10,12
2024-11-26,Node_10,20
2024-11-27,Node_10,20
2024-11-28,Node_10,17
2024-11-29,Node_10,32
2024-11-30,Node_10,27
2024-12-01,Node_10,28
2024-12-02,Node_10,22
2024-12-03,Node_10,13
2024-12-04,Node_10,17
2024-12-05,Node_10,13
2024-12-06,Node_10,25
2024-12-07,Node_10,30
2024-12-08,Node_10,31
2024-12-09,Node_10,11
2024-12-10,Node_10,16
2024-12-11,Node_10,17
2024-12-12,Node_10,20
2024-12-13,Node_10,31
2024-12-14,Node_10,34
2024-12-15,Node_10,31
2024-12-16,Node_10,13
2024-12-17,Node_10,14
2024-12-18,Node_10,18
2024-12-19,Node_10,16
2024-12-20,Node_10,30
2024-12-21,Node_10,29
2024-12-22,Node_10,29
2024-12-23,Node_10,18
2024-12-24,Node_10,18
2024-12-25,Node_10,16
2024-12-26,Node_10,18
2024-12-27,Node_10,27
2024-12-28,Node_10,33
2024-12-29,Node_10,36
2024-12-30,Node_10,14
